/*
Navicat MySQL Data Transfer

Source Server         : my
Source Server Version : 50096
Source Host           : localhost:3306
Source Database       : newlife

Target Server Type    : MYSQL
Target Server Version : 50096
File Encoding         : 65001

Date: 2017-03-28 21:46:00
*/

SET FOREIGN_KEY_CHECKS=0;
-- ----------------------------
-- Table structure for `answer_info`
-- ----------------------------
DROP TABLE IF EXISTS `answer_info`;
CREATE TABLE `answer_info` (
  `ans_id` bigint(20) NOT NULL,
  `content` longtext NOT NULL,
  `gmt_create` timestamp NULL default NULL,
  `gmt_modify` timestamp NULL default NULL,
  `user_id` bigint(20) NOT NULL,
  `ques_id` bigint(20) NOT NULL,
  PRIMARY KEY  (`ans_id`),
  KEY `FKED6A048FFC12C9D1` (`ques_id`),
  CONSTRAINT `FKED6A048FFC12C9D1` FOREIGN KEY (`ques_id`) REFERENCES `question_info` (`ques_id`)
) ENGINE=InnoDB DEFAULT CHARSET=utf8;

-- ----------------------------
-- Records of answer_info
-- ----------------------------
INSERT INTO `answer_info` VALUES ('1', '这是新答案', '2017-03-20 00:00:00', '2017-03-20 00:00:00', '1', '1');
INSERT INTO `answer_info` VALUES ('2', '这是答案', '2017-03-20 00:00:00', '2017-03-20 00:00:00', '1', '1');
INSERT INTO `answer_info` VALUES ('3', '这是答案', '2017-03-20 00:00:00', '2017-03-20 00:00:00', '1', '1');
INSERT INTO `answer_info` VALUES ('4', '我说你欢快的很啊', '2017-03-20 00:00:00', '2017-03-20 00:00:00', '1', '1');
INSERT INTO `answer_info` VALUES ('5', '发发', '2017-03-25 00:00:00', '2017-03-25 00:00:00', '1', '3');
INSERT INTO `answer_info` VALUES ('6', '发生', '2017-03-25 00:00:00', '2017-03-25 00:00:00', '1', '3');
INSERT INTO `answer_info` VALUES ('7', '你是小傻逼', '2017-03-25 00:00:00', '2017-03-25 00:00:00', '1', '3');
INSERT INTO `answer_info` VALUES ('8', '发发生发', '2017-03-25 00:00:00', '2017-03-25 00:00:00', '1', '3');
INSERT INTO `answer_info` VALUES ('9', '11111', '2017-03-25 00:00:00', '2017-03-25 00:00:00', '1', '1');
INSERT INTO `answer_info` VALUES ('10', '11111', '2017-03-25 00:00:00', '2017-03-25 00:00:00', '1', '2');
INSERT INTO `answer_info` VALUES ('11', '11111', '2017-03-25 00:00:00', '2017-03-25 00:00:00', '1', '4');
INSERT INTO `answer_info` VALUES ('12', '你猜啊', '2017-03-25 00:00:00', '2017-03-25 00:00:00', '1', '3');
INSERT INTO `answer_info` VALUES ('13', 'fasdad', '2017-03-28 13:42:38', '2017-03-28 13:42:38', '1', '4');

-- ----------------------------
-- Table structure for `comment_info`
-- ----------------------------
DROP TABLE IF EXISTS `comment_info`;
CREATE TABLE `comment_info` (
  `com_id` bigint(20) NOT NULL,
  `content` longtext NOT NULL,
  `gmt_create` timestamp NULL default NULL,
  `gmt_modify` timestamp NULL default NULL,
  `user_id` bigint(20) NOT NULL default '0',
  `receive_user_id` bigint(20) default '0',
  `post_id` bigint(20) NOT NULL default '0',
  PRIMARY KEY  (`com_id`),
  KEY `FK2F67528EA649CBAA` (`post_id`),
  CONSTRAINT `FK2F67528EA649CBAA` FOREIGN KEY (`post_id`) REFERENCES `post_info` (`post_id`)
) ENGINE=InnoDB DEFAULT CHARSET=utf8;

-- ----------------------------
-- Records of comment_info
-- ----------------------------

-- ----------------------------
-- Table structure for `discussion_info`
-- ----------------------------
DROP TABLE IF EXISTS `discussion_info`;
CREATE TABLE `discussion_info` (
  `dis_id` bigint(20) NOT NULL,
  `content` longtext NOT NULL,
  `gmt_create` timestamp NULL default NULL,
  `gmt_modify` timestamp NULL default NULL,
  `user_id` bigint(20) NOT NULL default '0',
  `talk_id` bigint(20) NOT NULL default '0',
  PRIMARY KEY  (`dis_id`),
  KEY `FK8CCDBE65EC3BA2FD` (`talk_id`),
  CONSTRAINT `FK8CCDBE65EC3BA2FD` FOREIGN KEY (`talk_id`) REFERENCES `talk_info` (`talk_id`)
) ENGINE=InnoDB DEFAULT CHARSET=utf8;

-- ----------------------------
-- Records of discussion_info
-- ----------------------------
INSERT INTO `discussion_info` VALUES ('1', 'new太好了，这个问题很重要啊！！！！', '2017-03-20 00:00:00', '2017-03-20 00:00:00', '1', '1');
INSERT INTO `discussion_info` VALUES ('2', '我觉得我们应该尊重老年人', null, null, '1', '2');
INSERT INTO `discussion_info` VALUES ('3', '我觉得吧，网络侵权很验证', '2017-03-25 00:00:00', '2017-03-25 00:00:00', '1', '2');
INSERT INTO `discussion_info` VALUES ('4', '我没什么想法，请自便', '2017-03-25 00:00:00', '2017-03-25 00:00:00', '1', '2');
INSERT INTO `discussion_info` VALUES ('5', '你说你吧', '2017-03-25 00:00:00', '2017-03-25 00:00:00', '1', '2');
INSERT INTO `discussion_info` VALUES ('6', '哈哈，你是不是傻', '2017-03-25 00:00:00', '2017-03-25 00:00:00', '1', '2');
INSERT INTO `discussion_info` VALUES ('7', '你真聪明', '2017-03-25 00:00:00', '2017-03-25 00:00:00', '1', '2');
INSERT INTO `discussion_info` VALUES ('8', '老人生活真幸福', '2017-03-25 00:00:00', '2017-03-25 00:00:00', '1', '2');

-- ----------------------------
-- Table structure for `news_info`
-- ----------------------------
DROP TABLE IF EXISTS `news_info`;
CREATE TABLE `news_info` (
  `news_id` bigint(20) NOT NULL,
  `title` varchar(128) NOT NULL,
  `content` longtext NOT NULL,
  `category` varchar(64) NOT NULL,
  `gmt_create` datetime default NULL,
  `gmt_modify` datetime default NULL,
  PRIMARY KEY  (`news_id`)
) ENGINE=InnoDB DEFAULT CHARSET=utf8;

-- ----------------------------
-- Records of news_info
-- ----------------------------
INSERT INTO `news_info` VALUES ('1', '2017年全国两会关于退休新政策的提案,两会退休年龄的规定', '\n                            <p>2017年全国两会关于退休新政策的提案,两会退休年龄的规定</p><p>　　2018年开始延迟退休新政策</p><p>　　2日在北京发布的一份报告建议，延迟退休可分“两步走”：2017年完成养老金制度并轨，从2018年开始，女性退休年龄每3年延迟1岁，男性退休年龄每6年延迟1岁，至2045年男性、女性退休年龄同步达到65岁。</p><p>　　12月2日，由中国社会科学院人口与劳动经济研究所及社会科学文献出版社共同主办的《人口与劳动绿皮书：中国人口与劳动问题报告No.16》发布会在北京举行。</p><p><v:shapetype id=\"_x0000_t75\" coordsize=\"21600,21600\" o:spt=\"75\" o:preferrelative=\"t\" path=\"m@4@5l@4@11@9@11@9@5xe\" filled=\"f\" stroked=\"f\">\n \n \n  \n  \n  \n  \n  \n  \n  \n  \n  \n  \n  \n  \n \n \n \n<v:shape id=\"图片_x0020_1\" o:spid=\"_x0000_i1025\" type=\"#_x0000_t75\" alt=\"http://www.shidapx.com/myimg/article/47/1_penng__.jpg\" style=\"width:429.75pt;\n height:343.5pt;visibility:visible;mso-wrap-style:square\">\n <v:imagedata src=\"file:///C:\\Users\\ADMINI~1\\AppData\\Local\\Temp\\msohtmlclip1\\01\\clip_image001.jpg\" o:title=\"1_penng__\">\n<img src=\"file:///C:\\Users\\ADMINI~1\\AppData\\Local\\Temp\\msohtmlclip1\\01\\clip_image002.jpg\" alt=\"http://www.shidapx.com/myimg/article/47/1_penng__.jpg\"></v:imagedata></v:shape></v:shapetype></p><p>　　这份报告认为，中国目前存在大量低龄退休人员，开发其潜力是今后的主要方向。</p><p>　　鉴于中国退休年龄规定始于几十年前，已经显得过低，建议按照并轨先行、渐进实施和弹性机制的原则逐步延迟退休年龄。</p><p>　　报告指出，首先，实现养老金制度并轨，将退休年龄归为两类：职工养老保险领取年龄和居民养老保险领取年龄。</p><p>　　对于职工养老保险的退休年龄改革方案，报告建议分两步走：第一步，2017年完成养老金制度并轨时，取消女干部和女工人的身份区别，将职工养老保险的女性退休年龄统一规定为55岁。</p><p>　　第二步，从2018年开始，女性退休年龄每3年延迟1岁，男性退休年龄每6年延迟1岁，直至2045年同时达到65岁。</p><p>　　对于居民养老保险的退休年龄改革方案，报告建议居民养老保险的退休年龄从2033年开始每3年延迟1岁，直至2045年完成。</p><p>　　报告还建议，在退休年龄改革中引入弹性机制，可考虑以法定退休年龄为基准，规定人们可提前或延迟5年退休，但养老金待遇与退休年龄挂钩。</p><p>　　“测算表明，延迟退休年龄可有效改善城镇劳动力的供给状况，增加城镇适龄(退休年龄以下)劳动年龄人口，延缓其比重下降趋势。”报告称。</p><p>　　中新网记者注意到，延迟退休话题近期再度引发社会热议。11月3日，《中共中央关于制定国民经济和社会发展第十三个五年规划的建议》提出，出台渐进式延迟退休年龄政策。</p><p>　　11月20日，人社部新闻发言人李忠谈及研究制定渐进式延迟退休年龄政策时称，总的考虑是，根据人口老龄化的趋势和劳动力状况，把握调整的节点和节奏，“小步慢走，渐进到位”，即每年只会延长几个月的退休年龄，同时提前向社会预告，给公众以心理预期。目前，人社部正在抓紧制定这个方案，将适时向社会公开征求意见，报党中央和国务院决策。</p><p>　　节奏会有快慢从女干部起步</p><p>　　近期，官方多次就延迟退休政策发声，一些智库也公开提出建议。昨日在北京发布的《人口与劳动绿皮书：中国人口与劳动问题报告No.16》建议，从2018年开始延迟退休，到2045年男性、女性退休年龄同步达到65岁。</p><p>　　上述报告内容引发热议。延迟退休应该从何时开始?具体如何推行?又会产生什么影响?尤其是否会影响年轻人就业?在争议的背后，仍有诸多问题亟待解答。</p><p>　　是否分先后?</p><p>　　——先从女干部开始?</p><p>　　由于现行退休年龄并不统一，延迟退休必然面临着一个难题：是选择不分先后同时启动，还是分人群先后启动?</p><p>　　“可以分先后，也可以不分先后，但节奏会有快慢。”中国劳动学会副会长苏海南对中新网记者表示，如果同时启动，那么现在退休年龄早的步子要快一点，退休年龄晚的步子要慢一点，这样最后才能统一到一个退休年龄。</p><p>　　“如果分人群启动，那么退休年龄早的可以先起步，晚的可以等几年再起步，这也是一种选择。但具体如何选择，需要等中央制定方案出来才知道。”苏海南说。</p><p>　　近期有媒体报道，未来延迟退休政策的执行将按照人群进行划分，其中55岁退休的女干部、女白领有可能是第一批执行延迟退休的人群。</p><p></p><p>　　对此，苏海南认为，从女干部起步，女干部肯定没意见，身体也能承受得起，社会上也不反对，应该说这是最好的选择，更能够取得共识，遭到的阻力也最小。</p>\n                        <p><br></p>', '公告类', '2017-03-26 18:52:42', '2017-03-26 18:52:42');
INSERT INTO `news_info` VALUES ('2', '习近平：推动老龄事业全面协调可持续发展', '\n                            <p>习近平在中共中央政治局第三十二次集体学习时强调</p><p>党委领导政府主导社会参与全民行动推动老龄事业全面协调可持续发展</p><p>&nbsp;</p><p>新华社北京5月28日电 &nbsp;中共中央政治局5月27日下午就我国人口老龄化的形势和对策举行第三十二次集体学习。中共中央总书记习近平在主持学习时强调，坚持党委领导、政府主导、社会参与、全民行动相结合，坚持应对人口老龄化和促进经济社会发展相结合，坚持满足老年人需求和解决人口老龄化问题相结合，努力挖掘人口老龄化给国家发展带来的活力和机遇，努力满足老年人日益增长的物质文化需求，推动老龄事业全面协调可持续发展。</p><p>　　学习会上，徐绍史、李立国、尹蔚民、李斌分别就我国人口老龄化形势、加强和改进老龄工作、促进老龄事业发展谈了意见和建议。</p><p>　　中共中央政治局各位同志认真听取了他们的发言，并就有关问题进行了讨论。</p><p>　　习近平在主持学习时发表了讲话。他强调，人口老龄化是世界性问题，对人类社会产生的影响是深刻持久的。我国是世界上人口老龄化程度比较高的国家之一，老年人口数量最多，老龄化速度最快，应对人口老龄化任务最重。满足数量庞大的老年群众多方面需求、妥善解决人口老龄化带来的社会问题，事关国家发展全局，事关百姓福祉，需要我们下大气力来应对。</p><p>　　习近平指出，我们党历来高度重视老龄工作。党的十八大和十八届三中、四中、五中全会以及“十三五”规划纲要都对应对人口老龄化、加快建设社会养老服务体系、发展养老服务产业等提出明确要求。各地区各部门加大投入、扎实行动，积极推动老龄事业发展，应对人口老龄化工作取得了显著成效。同时，我们的政策措施、工作基础、体制机制等还存在明显不足，同广大老年人过上幸福晚年生活的期盼差距较大。</p><p>　　习近平强调，要着力增强全社会积极应对人口老龄化的思想观念。要积极看待老龄社会，积极看待老年人和老年生活，老年是人的生命的重要阶段，是仍然可以有作为、有进步、有快乐的重要人生阶段。有效应对人口老龄化，不仅能提高老年人生活和生命质量、维护老年人尊严和权利，而且能促进经济发展、增进社会和谐。敬老爱老是中华民族的传统美德。要把弘扬孝亲敬老纳入社会主义核心价值观宣传教育，建设具有民族特色、时代特征的孝亲敬老文化。要在全社会开展人口老龄化国情教育、老龄政策法规教育，引导全社会增强接纳、尊重、帮助老年人的关爱意识和老年人自尊、自立、自强的自爱意识。要加强家庭建设，教育引导人们自觉承担家庭责任、树立良好家风，巩固家庭养老基础地位。</p><p>　　习近平指出，要着力完善老龄政策制度。要加强老龄科学研究，借鉴国际有益经验，搞好顶层设计，不断完善老年人家庭赡养和扶养、社会救助、社会福利、社会优待、宜居环境、社会参与等政策，增强政策制度的针对性、协调性、系统性。要完善老年人权益保障法的配套政策法规，统筹好生育、就业、退休、养老等政策。要完善养老和医疗保险制度，落实支持养老服务业发展、促进医疗卫生和养老服务融合发展的政策措施。要建立老年人状况统计调查和发布制度、相关保险和福利及救助相衔接的长期照护保障制度、老年人监护制度、养老机构分类管理制度，制定家庭养老支持政策、农村留守老人关爱服务政策、扶助老年人慈善支持政策、为老服务人才激励政策，促进各种政策制度衔接，增强政策合力。</p><p>　　习近平强调，要着力发展养老服务业和老龄产业。我国老年群体数量庞大，老年人用品和服务需求巨大，老龄服务事业和产业发展空间十分广阔。要积极发展养老服务业，推进养老服务业制度、标准、设施、人才队伍建设，构建居家为基础、社区为依托、机构为补充、医养相结合的养老服务体系，更好满足老年人养老服务需求。要培育老龄产业新的增长点，完善相关规划和扶持政策。</p><p>　　习近平指出，要着力发挥老年人积极作用。要发挥老年人优良品行在家庭教育中的潜移默化作用和对社会成员的言传身教作用，发挥老年人在化解社会矛盾、维护社会稳定中的经验优势和威望优势，发挥老年人对年轻人的传帮带作用。要为老年人发挥作用创造条件，引导老年人保持老骥伏枥、老当益壮的健康心态和进取精神，发挥正能量，作出新贡献。</p><p><o:smarttagtype></o:smarttagtype></p><p>　　习近平强调，要着力健全老龄工作体制机制。要适应时代要求创新思路，推动老龄工作向主动应对转变，向统筹协调转变，向加强人们全生命周期养老准备转变，向同时注重老年人物质文化需求、全面提升老年人生活质量转变。要完善党委统一领导、政府依法行政、部门密切配合、群团组织积极参与、上下左右协同联动的老龄工作机制，形成老龄工作大格局。要保证城乡社区老龄工作有人抓、老年人事情有人管、老年人困难有人帮。要健全社会参与机制，发挥有关社会组织作用，发展为老志愿服务和慈善事业。</p><p><br></p>', '公告类', '2017-03-26 18:56:24', '2017-03-26 18:56:24');
INSERT INTO `news_info` VALUES ('3', '我国将构建老年健康服务体系', '\n                            <p>国家卫生计生委、国家发展改革委、民政部、财政部、中国残疾人联合会、全国老龄工作委员会办公室等13部门近日联合印发《“十三五”健康老龄化规划》。规划提出，“十三五”期间将优化老年医疗卫生资源配置，加强宣传教育、预防保健、医疗救治、康复护理、医养结合和安宁疗护工作，建立覆盖城乡老年人的基本医疗卫生制度，探索建立长期护理保险制度，构建与国民经济和社会发展相适应的老年健康服务体系。</p><p>规划提出了“十三五”时期健康老龄化工作重点部署的9项任务，包括推进老年健康促进与教育工作，加强老年健康公共卫生服务工作，健全老年医疗卫生服务体系，积极推动医养结合服务，加强医疗保障体系建设，发挥中医药（民族医药）特色提供老年健康多元化服务，推动老年健康产业发展，推进适老健康支持环境建设，加强专业人员队伍建设。</p><p><v:shapetype id=\"_x0000_t75\" coordsize=\"21600,21600\" o:spt=\"75\" o:preferrelative=\"t\" path=\"m@4@5l@4@11@9@11@9@5xe\" filled=\"f\" stroked=\"f\">\n \n \n  \n  \n  \n  \n  \n  \n  \n  \n  \n  \n  \n  \n \n \n \n<v:shape id=\"_x0000_i1025\" type=\"#_x0000_t75\" style=\"width:276.75pt;\n height:276.75pt\">\n <v:imagedata src=\"file:///C:\\Users\\ADMINI~1\\AppData\\Local\\Temp\\msohtmlclip1\\01\\clip_image001.jpg\" o:title=\"老年人\">\n<img src=\"file:///C:\\Users\\ADMINI~1\\AppData\\Local\\Temp\\msohtmlclip1\\01\\clip_image002.jpg\"></v:imagedata></v:shape></v:shapetype></p><p></p><p>&nbsp;</p>\n                        <p><br></p>', '公告类', '2017-03-26 18:59:34', '2017-03-26 18:59:34');
INSERT INTO `news_info` VALUES ('4', '2016-2017年黑龙江省老年人满60岁补贴新政策,黑龙江省老年生活补贴方法', '\n                            <p>黑龙江省老年人补贴新政策</p><p>　　为了进一步推动我省养老服务事业发展，加快推进覆盖城乡老年人社会保障体系建设，解决我省老年人特别是80周岁以上高龄老人、贫困老人的基本生活问题，努力实现“老有所养”的目标。经省政府第四十次常务会议讨论通过，在我省建立80周岁以上高龄老人生活津贴制度(以下简称“高龄津贴”)。现就有关事项通知如下：</p><p>　　一、建立高龄津贴制度的重要意义</p><p>　　近几年来，省委、省政府高度重视养老工作，连续多年把养老工作写入政府工作报告、纳入“十大民生工程”加以推进。但从目前情况看，我省基本养老服务体系建设与社会养老需求之间还存在着较大供需矛盾，特别是在我省经济欠发达、老年人口比例越来越高的情况下，希望政府财政向养老事业投入，已经成了社会群众的迫切要求。同时，由于我省社会养老机构发展比较缓慢，家庭养老仍然是主要养老方式。在当前情况下，由政府财政给予高龄老人、特别是高龄老人中的贫困老人适当的生活补助，是我省缓解养老矛盾的现实之需，也是顺应民心之举。</p><p>　　建立高龄津贴制度，是实现我省社会福利制度由传统补缺型向普惠型发展，临时性、不确定救济向常态化、制度性保障转变的重要举措。这一制度的建立，对于解决高龄老人基本生活问题，提高高龄老人生活质量，将会起到重要的作用。各地、各有关部门要从构建和谐龙江的高度，强化工作力度，落实配套资金，切实把这项制度落到实处，把这件惠及我省高龄老人的实事办好。</p><p>　　二、建立高龄津贴制度的指导思想和基本原则</p><p>　　以党的十七大精神为指导，以实现“老有所养”为目标，深入落实省委《关于进一步加强民生工作的决定》，加强以保障和改善民生为重点的社会建设，推进我省基本养老服务体系建设，建立保障高龄老人基本生活需求的长效机制，使广大高龄老人基本生活得到保障，提高老年人生活质量，实现我省老年人社会福利制度由补缺型向适度普惠型发展。</p><p>　　建立高龄津贴制度，必须坚持以下原则：一是从实际出发的原则。充分考虑我省社会经济发展水平和高龄老人的基本生活需求，建立与我省社会经济整体发展相适应的高龄津贴制度。二是属地管理、分级负担的原则。高龄津贴保障对象以户籍为基础，实行属地化管理;保障资金由省级、县(区、市)级财政按照不同资金渠道分级负担。三是公开、公平、公正的原则。严格按照标准确定保障对象，实行“三级审批、张榜公示”，接受群众监督，增强工作透明度。</p><p>　　三、高龄津贴发放范围和标准</p><p>　　从2010年7月1日起，凡具有我省户籍且年龄在80周岁至89周岁的低保、低收入家庭老年人，以及90周岁以上所有老年人，均享受高龄老人津贴待遇。发放标准为每人每月100元，由当地民政部门采取社会化形式按月发放。</p><p>　　高龄津贴具体发放办法由民政厅、财政厅协商确定，发放标准应随我省社会经济发展和居民消费水平的变化适时进行调整。</p><p>　　四、高龄津贴资金筹集和管理</p><p>　　各级政府要足额落实高龄津贴资金。其中，低保家庭中保障对象高龄津贴所需资金由各地采取加发低保金的方式，从省补助的低保资金中解决;非低保家庭中保障对象高龄津贴所需资金由户籍所在地县(区、市)政府财政解决。</p><p>　　要切实加强资金的监管，专账管理，专款专用。各级民政部门要认真做好发放对象的审定和发放工作;财政部门要足额安排资金，加强资金监管;监察、审计等部门要定期检查、审计，确保资金及时发放到位。</p><p>　　五、几点要求</p><p>　　(一)加强领导，精心组织。各地、各有关部门要切实加强领导，结合本地实际及时制定建立高龄老人津贴制度的具体工作方案和实施细则，周密部署，认真抓好落实。</p><p>　　(二)健全档案，规范管理。各地要对高龄老人保障对象实施动态管理，登记造册，建立台账，健全档案，建立定期抽查、核查制度、公示制度和统计报告制度，确保高龄津贴发放工作规范有序进行。</p><p>　　(三)积极协调，搞好对接。要准确把握高龄津贴制度与最低生活保障制度以及社会救助制度、福利制度的关系，加强协调，形成高龄津贴制度与社会救助制度、社会福利制度有效对接、良性互动的运行机制，推进我省老年人社会福利工作由传统补缺型向适度普惠型发展。</p><p>　　(四)广泛宣传，加强监督。各地要充分发挥新闻媒体的作用，加大相关政策宣传力度，向社会公布高龄津贴的发放范围、标准和程序。设立举报电话和信访接待平台，接受群众监督和舆论监督，增强工作的透明度。</p><p>扩展阅读</p><p>　　4年后，全省60岁以上老人将占总人口的18.5%，相当于平均5.4个人中，就有一位是老年人。昨天，记者从省政府获悉，省卫计委、省民政厅等11个部门联合制定了《关于推进医疗卫生与养老服务相结合实施意见》，支持养老院办医院，老人在养老院里看病也能享医保，鼓励医生护士到养老院工作，工资待遇等与大医院相同。</p><p>　　1、4年后全省老年人将超778万</p><p>　　预计到2020年，全省60周岁以上老年人口将达到778.8万人，占全省人口总数的18.5%;失能、部分失能老年人约97.4万人;需要接&nbsp;受康复治疗的老年人约80万人。根据实施意见，到2020年，所有医疗机构开设为老年人提供挂号、就医等便利服务的绿色通道，基层医疗卫生机构为老年人提供上门服务的能力明显提升。</p><p>　　2、200张床位以上养老院可内设医院</p><p>　　按照“卫生计生准入、民政扶持、医保定点”的方式，支持200张床位以上规模的养老机构内设一级以上医疗机构。养老机构根据服务需求和自身能力，可申请开办老年病医院、康复医院、护理院、中医医院(门诊)、临终关怀机构等，也可内设医务室、护理站等医疗机构。</p><p>　　3、老人在养老院看病&nbsp;医保也能报销</p><p>　　对养老机构内设的医疗机构(诊所、卫生室、医务室)，照规定纳入城乡医保定点范围，入住的参加城镇基本医疗保险或“新农合”的老年人，发生符合协议规定的医疗费用，应由城镇基本医疗保险或“新农合”支付。</p><p>　　落实好将适合老年人运动疗法、偏瘫肢体综合训练、认知知觉功能康复训练、日常生活能力评定等医疗康复项目纳入城镇基本医疗保险或“新农合”报销范围的政策，为失能、部分失能老年人治疗性康复提供保障。</p><p>　　人才激励</p><p>　　医护人员到养老院轮岗服务有补贴</p><p>　　各地可根据本地状况，探索对医疗机构内的职业医师和护士到养老机构轮岗服务给予特殊岗位补贴。医护人员申报职称时，其在养老机构从事的工作可计入总工作量，可对所取得的与本专业相关的业绩予以认可。在养老机构从事医护工作的专业人员申报职称时，与医疗机构医护人员同等对待，统一执行我省相关标准，并执行所聘专业技术岗位相应的工资待遇。</p><p><a href=\"http://www.jisiedu.com/BuTieZC/YSDB4847.html\" target=\"_blank\">2016-2017年辽宁省老年人满60岁补贴新政策,辽宁省老年生活补贴方法</a></p><p>以下是月亮岛教育网小编整理的《2016-2017年辽宁省老年人满60岁补贴新政策,辽宁省老年生活补贴方法》,新政策尚未出台故继续沿用往年版本,如有变动，以官网为准。辽宁省老年人补贴新政策前段时间，《辽宁省人民政府关于机关事业单位工作人员养老保险制度改革的实施意见》发布，全省包括按照公务员法管理的单位、参照公务员法管理的机关(单位)、事业单位及其编制内的工作人</p><p><a href=\"http://\" target=\"_blank\">http://www.jisiedu.com/BuTieZC/YSDB4847.html</a></p><p><a href=\"http://www.jisiedu.com/BuTieZC/YSDB4846.html\" target=\"_blank\">2016-2017年山东省老年人满60岁补贴新政策,山东省老年生活补贴方法</a></p><p></p><p>以下是月亮岛教育网小编整理的《2016-2017年山东省老年人满60岁补贴新政策,山东省老年生活补贴方法》,新政策尚未出台故继续沿用往年版本,如有变动，以官网为准。山东省老年人补贴新政策近日，山东省政府出台《关于运用综合政策措施支持扩大消费的意见》(又称“新40条”)，提出40条具体措施支持扩大消费。针对上述政策，市民政部门正在协调财政等相关部门制定具体落实</p><p><br></p>', '公告类', '2017-03-26 19:02:33', '2017-03-26 19:02:33');
INSERT INTO `news_info` VALUES ('5', '2016-2017年黑龙江省老年人高龄补贴政策全新出炉', '\n                            <p><v:shapetype id=\"_x0000_t75\" coordsize=\"21600,21600\" o:spt=\"75\" o:preferrelative=\"t\" path=\"m@4@5l@4@11@9@11@9@5xe\" filled=\"f\" stroked=\"f\">\n \n \n  \n  \n  \n  \n  \n  \n  \n  \n  \n  \n  \n  \n \n \n \n<v:shape id=\"图片_x0020_1\" o:spid=\"_x0000_i1025\" type=\"#_x0000_t75\" alt=\"http://www.srssn.com/myimg/article/319/12_4gmim__.jpg\" style=\"width:345.75pt;\n height:198.75pt;visibility:visible;mso-wrap-style:square\">\n <v:imagedata src=\"file:///C:\\Users\\ADMINI~1\\AppData\\Local\\Temp\\msohtmlclip1\\01\\clip_image001.jpg\" o:title=\"12_4gmim__\">\n<img src=\"file:///C:\\Users\\ADMINI~1\\AppData\\Local\\Temp\\msohtmlclip1\\01\\clip_image001.jpg\" alt=\"http://www.srssn.com/myimg/article/319/12_4gmim__.jpg\"></v:imagedata></v:shape></v:shapetype></p><p>为了进一步推动我省养老服务事业发展，加快推进覆盖城乡老年人社会保障体系建设，解决我省老年人特别是80周岁以上高龄老人、贫困老人的基本生活问题，逐步实现社会救助与社会福利两项制度有效对接，使老年福利由补缺型发展为普惠型，努力实现“老有所养”的目标，经省政府第四十次常务会议讨论通过，决定在我省建立80周岁以上高龄老人生活津贴(以下简称高龄津贴)制度。现就有关事宜通知如下：</p><p>　　<b>一、建立高龄津贴制度的重要意义</b></p><p>　　截至年底，我省60岁以上老年人口数为524万人，占全省总人口数的13.7%，其中80周岁以上老年人口数为40.39万人。老年人口呈加速增长态势，老年人口的年龄结构渐趋高龄化，保障高龄老人基本生活等社会问题日益显现。建立高龄津贴制度，是实现我省社会福利制度由补缺型向普惠型发展，临时性、不确定救济向常态化、制度性保障转变的重要举措。由政府财政给予高龄老人特别是高龄老人中的贫困老人适当的生活补助，是我省缓解养老矛盾的现实之需。这一制度的建立，对于解决高龄老人基本生活问题、提高高龄老人生活质量将起到重要的作用。</p><p>　　<b>二、建立高龄津贴制度的指导思想和基本原则</b></p><p>　　<b>(一)指导思想。</b>以党的十七大精神为指导，以实现“老有所养”为目标，深入落实《中共黑龙江省委关于进一步加强民生工作的决定》(黑发〔2010〕11号)精神，加强以保障和改善民生为重点的社会建设，推进我省基本养老服务体系建设，建立保障高龄老人基本生活需求的长效机制，实现我省老年人社会福利制度由补缺型向普惠型发展。</p><p>　　<b>(二)基本原则。</b></p><p>　　1.坚持从实际出发的原则。充分考虑我省经济社会发展水平和高龄老人的基本生活需求，建立与我省经济社会整体发展相适应的高龄津贴制度。</p><p>　　2.坚持属地管理、分级负担的原则。高龄津贴保障对象以户籍为基础，实行属地化管理;保障资金由省级和县级财政按照不同资金渠道分级负担。</p><p>　　3.坚持公开、公平、公正的原则。严格按照标准确定保障对象，实行“三级审批、张榜公示”，接受群众监督，增强工作透明度。</p><p>　　<b>三、高龄津贴发放范围、标准和办法</b></p><p>　　(一)发放范围。从7月1日起，凡具有我省户籍且年龄在80周岁至89周岁的低保、低收入家庭老年人以及90周岁以上所有老年人，均享受高龄老人津贴待遇。</p><p>　　(二)发放标准。发放标准为每人每月100元，由当地民政部门采取社会化形式按月发放。发放标准随我省经济社会发展和居民消费水平的变化适时进行调整。</p><p>　　(三)发放办法。高龄津贴具体发放办法由省民政厅、财政厅另行制定并下发。</p><p>　　<b>四、高龄津贴资金筹集和管理</b></p><p>　　(一)资金筹集。各级政府要足额落实高龄津贴资金。其中，低保家庭中保障对象高龄津贴所需资金由各地采取加发低保金的方式，从省补助的低保资金中解决;非低保家庭中保障对象高龄津贴所需资金由户籍所在地县(市、区)政府财政解决。</p><p>　　(二)资金管理。要切实加强资金的监管，专账管理，专款专用。各级民政部门要认真做好发放对象的审定和津贴发放工作;财政部门要足额安排资金，加强资金监管;监察、审计等部门要定期检查、审计，确保资金及时发放到位。</p><p>　　<b>五、建立健全高龄津贴的保障机制</b></p><p>　　(一)加强领导，精心组织。各地、各有关部门要切实加强领导，结合本地实际及时制定建立高龄老人生活津贴制度的具体工作方案和实施细则，周密部署，认真抓好落实。</p><p>　　(二)健全档案，规范管理。各地要对高龄老人保障对象实施动态管理，登记造册，建立台账，健全档案，建立定期抽查、核查制度、公示制度和统计报告制度，确保高龄津贴发放工作规范有序进行。</p><p>　　(三)积极协调，搞好对接。要准确把握高龄津贴制度与最低生活保障制度以及社会救助制度、福利制度的关系，加强协调，形成高龄津贴制度与社会救助制度、社会福利制度有效对接、良性互动的运行机制，推进我省老年人社会福利工作由补缺型向普惠型发展。</p><p></p><p>　　(四)广泛宣传，加强监督。各地要充分发挥新闻媒体的作用，加大相关政策宣传力度，向社会公布高龄津贴的发放范围、标准和程序。要设立举报电话和信访接待平台，接受群众监督和舆论监督，增强工作的透明度。</p>\n                        <p><br></p>', '公告类', '2017-03-26 19:05:20', '2017-03-26 19:05:20');
INSERT INTO `news_info` VALUES ('6', '道里区兆麟街道省报社社区老年人参加巧手剪纸培训会', '\n                            <p><font face=\"宋体\">&nbsp; 为弘扬我国传统文化，丰富辖区居民的文化生活，近日，道里区省报社社区工作人员和老年志愿者去兆麟街道兆麟社区四楼活动室参加巧手剪纸培训会。活动特邀请了兆麟社区剪纸工艺师孙松涛老师为辖区30多名女性居民带来了一堂精彩的剪纸艺术培训。</font></p><p><font face=\"宋体\">&nbsp; 活动中，孙老师为大家讲解了民间剪纸的文化渊源和不同地域剪纸的风俗，并亲手教大家折纸和剪纸方法及技巧。在老师的指点下，大家按照步骤将彩纸折成形，认真构图，谨慎精细地剪着手中的彩纸，不一会儿，一幅幅漂亮的图案就诞生了，老年居民争先恐后地展示着自己的作品，欢声笑语不断。</font></p><p></p><p><font face=\"宋体\">　　通过近两个小时的剪纸培训会，不仅让老年居民们感受剪纸艺术的独特魅力，体验艺术创造所带来的乐趣和成就感，同时还学到了关于剪纸艺术的一些基本功，丰富了辖区老年居民的业余文化生活，加强社区精神文明建设，传承中国传统文化。</font></p><p><img style=\"max-width: 100%; width: 237.6px; height: 157.5px;\" src=\"http://i.imgur.com/KvtsHFU.jpg\" class=\"\"><img src=\"http://i.imgur.com/vO23Tbu.jpg\" style=\"max-width: 100%; width: 237.6px; height: 157.5px;\" class=\"\">&nbsp;<font face=\"宋体\"><br></font></p>\n                        <p><br></p>', '活动类', '2017-03-26 19:19:21', '2017-03-26 19:19:21');
INSERT INTO `news_info` VALUES ('7', '哈尔滨市南岗区开展“绿色祭祀 弘扬文明新风”主题活动', '\n                            <p style=\"text-align: center; \"><img style=\"max-width: 100%; width: 360.9px; height: 238.5px;\" src=\"http://i.imgur.com/rw1th8Z.jpg\" class=\"\"><br></p><p style=\"text-align: center; \">文化家园社区通过书写书画作品的形式缅怀先烈。吴迎\n摄</p><p>&nbsp; &nbsp; &nbsp; &nbsp;人民网哈尔滨3月22日电 日前，哈尔滨市南岗区燎原街道办事处文化家园社区开展了以“绿色祭祀 弘扬文明新风”为主题的清明祭祀活动。</p><p>&nbsp;&nbsp;&nbsp;&nbsp;&nbsp;&nbsp;&nbsp;&nbsp;活动现场，书画研究会的老师与居民们通过共同书写书画作品的形式缅怀先烈，为祭奠亲人，居民们还将自己要表达的思念之情写在小卡片上，投到天堂信箱里；在社区的追思墙上留下深情寄语，一条条黄丝带上寄托了对先人的哀思之情。</p><p>&nbsp;&nbsp;&nbsp;&nbsp;&nbsp;&nbsp;&nbsp;&nbsp;据悉，在清明节前夕，这样的文明祭祀活动还将在南岗区的多个社区陆续开展。南岗区希望用文明祭祀的实际行动,让社区居民争做文明祭祀的倡导者、实践者、维护者,用科学、文明的方式寄托哀思,让扫墓的方式更科学、更文明、更健康,让文明祭祀成为清明时尚新风。</p><p><br></p>', '活动类', '2017-03-26 19:23:33', '2017-03-26 19:23:33');
INSERT INTO `news_info` VALUES ('8', '“学生提案”进京上两会 哈尔滨高中生建言“智慧养老”', '\n                            <p>　　3月4号，全国政协委员、中科院针灸所副所长杨金生向全国政协十二届五次会议提交了《关于以“互联网+老年人关怀之家”推进<a href=\"http://stock.10jqka.com.cn/zhuanti/zg_list/\" target=\"_blank\">中国</a>智慧<a href=\"http://stock.10jqka.com.cn/zhuanti/ylgng_list/\" target=\"_blank\">养老</a>的提案》，医学界别的委员提交养老提案或许并不奇怪，但这个提案的发起和撰写人，是哈尔滨市第三中学模拟政协社团的6名高中生，这也是从全国32篇优秀“学生提案”中挑选出来的，东北三省唯一一份“学生提案”。“最后的建议和举措，我调了他三个方面，因为里面有重复，第一个是加强政策性研究。”</p><p>　　在北京昆泰酒店驻地的房间里，说起带“学生提案”进京，杨金生委员还是一脸兴奋，一边说这是他第一次参与“学生提案”，一边拿出电脑向记者展示了自己对这个提案的几次修改稿。</p><p>　　不难看出，杨金生为这个提案花了不少时间，但他也很喜欢这个选题，认为学生们确实很用心在调研，选题贴近百姓，贴近国家关心的话题：“分析问题准确，我们社会的贫穷很多事因病返穷，老了老无所养，老无所依，(提案)从社会的几方面分析，老年人面临的困难，如果我们现在不关心老年人，跟我们现行的政策有悖。因为习主席讲了只有全民的健康，才有全民的小康，关注老年人这个问题分析的很透彻”</p><p>　　提案发起人之一，哈尔滨市第三中学模拟政协社团社长柳浩然告诉记者，提案能“进京<a href=\"http://data.10jqka.com.cn/ipo/xgsh/\" target=\"_blank\">上会</a>”自然是一件让人高兴的事，但说起这份提案的创作灵感时，他竟有些伤感：“对我最好的老人就是我太姥姥，太姥姥给我做饭把我带大，前年她去世了，最后一面也没有见到，很多这样的老人都得不到照顾，所以想借这个机会对他们做一些改变。”</p><p>　　2016年6月，哈三中学生柳浩然、刘楚涵、孙家澍、李泽旭、范春琪、杨雅迪，成立了黑龙江省第一个模拟政协社团。柳浩然把姥姥的故事分享给了小伙伴，“我国有几百万空巢老人，能否用一种更便捷、更实用的方式去帮助这些无人陪伴的老人？”，带着这个问题，大家开始了“老年人关怀”的调研创作，还精心制作调查问卷投放到网上，吸引国内外几千网友参与调研。</p><p>　　社团最后形成的提案建议，建立线上线下相结合的网格化服务，为老年人提供生活照料、家政服务，并通过大<a href=\"http://data.10jqka.com.cn/\" target=\"_blank\">数据</a>平台实时记录，了解老年人的心理与健康状况，解决老年人的养老问题。柳浩然：“采用社区服务人员，对老年人进行定期心里交流，或者基本健康检查。当老年人有不舒服的时候，会有很便捷的结构通知相关的家庭医生，对老年人进行及时的诊断。”</p><p>　　社团成员杨雅迪是00后独生子女，她说以前自己都不知道还有这么多空巢老人没人照顾，经过半年的调研，除了发现老年人养老问题急需解决，自己还学会了主动去关心身边每一个人，她也希望这个提案能够引起国家的重视：“其实触动挺大的就是去采访的时候，有些老人是不愿意让你了解他真实情况的，他比较抵触，希望这个提案能够实施，呼吁社会让年轻人关爱自己的老人，关心身边的人，让这个社会充满爱，只有有了希望，社会才有发展。</p><p style=\"text-align: center; \"></p><p>　　据杨金生委员介绍，从2014年开始，模拟政协活动组委会和致公党中央每年都会挑选“全国青少年模拟政协活动”中部分优秀“学生提案”，推荐给全国政协委员提交至全国政协会议，让他们感受政协委员议政的责任感：“让中学生了解政协是怎么运转的，政治协商、建言献策，怎么样在上面提建议，早早地参与，了解政协，也让中学生了解中国的民主政治制度，培养中学生的社会调研能力。”</p><p><br></p>', '活动类', '2017-03-26 19:25:08', '2017-03-26 19:25:08');
INSERT INTO `news_info` VALUES ('9', '【活动报名】2017大庆至哈尔滨183公里公路城际轮滑马拉松活动', '\n                            <p style=\"text-align: center; \"><img style=\"max-width: 100%; width: 493.2px; height: 283.5px;\" src=\"http://i.imgur.com/P9uLOaM.jpg\" class=\"\"><br></p><p>&nbsp;&nbsp;&nbsp;&nbsp;&nbsp;&nbsp;&nbsp;&nbsp;大庆至哈尔滨183公里城际马拉松活动2016年已经成功地举办第一届，受到广大轮滑爱好者的高度称赞。今年这是第二届。</p><p>　　本活动意在为广大轮滑爱好者创造一个交流技艺、互动学习的机会。宗旨是锻炼提高轮滑爱好者应对各种复杂路面的能力，为滑遍神州、想去哪就滑到哪打基础。提高技巧、增强意志。有胆你就来勇敢的挑战自我吧！</p><p style=\"text-align: center; \"><img style=\"max-width: 100%; width: 493.2px; height: 364.5px;\" src=\"http://i.imgur.com/Y6izRY3.jpg\" class=\"\"><br></p><p>活动全程路面平坦，最大坡度十度左右。安全多路况。滑过大哈马拉松的人，就没有什么滑不了的路了。</p><p>　　一、出发时间</p><p>　　开始时间：2017年5月27至28日</p><p>　　比赛地点:大庆市政府至哈尔滨市政府</p><p style=\"text-align: center; \"><img style=\"max-width: 100%; width: 493.2px; height: 336.6px;\" src=\"http://i.imgur.com/gZzpA8I.jpg\" class=\"\"><br></p><p>二、报名方式：</p><p>　　1、跟帖报名并得到组委会邀请确认; 参加活动须要经过资格审核,确认合格的方可参加活动：</p><p>　　1) 旅游意外保险单,(交费由组委会统一购买;)</p><p>　　2)身份证照片;</p><p>　　3)近期头像照片(电子版的)</p><p>　　4)联系电话</p><p>　　5)居住地区</p><p>　　2、有良好的公路轮滑经验；</p><p>　　3、阅读并同意免责声明，遵守此次活动的各项规定，听从指挥。</p><p>　　4、签署免责声明</p><p>　　三、报名时间：</p><p>　　报名时间从即日起开始报名</p><p>　　报名截止时间：2017年5月5日</p><p style=\"text-align: center; \"><img style=\"max-width: 100%; width: 533.5px; height: 392.7px;\" src=\"http://i.imgur.com/56XsFQR.jpg\" class=\"\"><br></p><p style=\"text-align: center; \"><br></p><p>四、关于费用：</p><p>　　参加活动费用：组委会只收保险等费用20元/每人，除外全部费用AA。一切费用自理。</p><p>　　组委会及志愿者免费提供:</p><p>　　1、运送包裹,</p><p>　　2、路线导航</p><p>　　3、提前预定住宿和餐饮地址.</p><p>　　说明:组委会收取的保险等费用， 一经收取，因个人原因造成的任何理由，均不退还。</p><p><br></p><p><br></p><p style=\"text-align: center; \"><img style=\"max-width: 100%; width: 538.2px; height: 356.4px;\" src=\"http://i.imgur.com/5Nt4ZSH.jpg\" class=\"\"><br></p><p style=\"text-align: center; \"><br></p><p>　五、注意事项：</p><p>　　1、 参加本次活动在公路上滑行时，一定要非机动车区域滑行，并遵守交通规则。</p><p>　　2、必须佩戴头盔，护具。</p><p>&nbsp; &nbsp;六、活动路线图：</p><p style=\"text-align: center; \"><img style=\"max-width: 100%; width: 548.1px; height: 443.7px;\" src=\"http://i.imgur.com/KdoLGlr.jpg\" class=\"\"><br></p><p>路线全程80%是新修的县级柏油路,人少车少空气好.</p><p>　　七、免责声明:</p><p>　　本次活动属社会民间自发的，健身休闲活动。活动组织者和工作人员均是志愿者，免费为大家无偿服务。所以在参加活动全过程中，出现一切意外，均由参与者本人自负。与本次活动的组织者及其他参加者一律无关。</p><p>　　特此声明 望参与者详知</p><p>　　八、关于保障车：</p><p>　　只有工作车，指挥车和摄影摄像车,没有保障车，不为体力不支者提供支持。但可以为参加活动者免费运送包裹.</p><p>　　所以,体力不自信,又想参加活动者请妥善安排好相关事宜.</p><p>　　由此给您带来的不便,请多包含.</p><p>　　这样做一方面是为了节省费用，再一方面车多了，也产生安全隐患，不方便管理也不够绿色。</p><p>　　还有我们的活动是单向马拉松，有保障车很难公正的记录成绩。</p><p>　　九、关于天气</p><p>　　大庆5月末的平均天气气温是十三度至三十度。4到5级西南风，去哈尔滨方向正是顺风。晴转多云天气居多，有时有阵雨。</p><p>　　因此有必要做一下雨刷准备，带一个塑料雨衣即可。注意背包不要超过四公斤。带两瓶水，一顿午餐即可。</p><p>　　十、联系方式</p><p>　　报名微信号:jiao51953 阳光初上</p><p>　　报名电话：15845951953</p><p>　　18045901953 阳光初上</p><p>　　咨询审核：电话13903693248 梁博士</p><p>　　咨询审核：电话18249503718 冰上使者</p><p></p><p>　　组委会：阳光初上</p>\n                        <p><br></p>', '活动类', '2017-03-26 19:39:55', '2017-03-26 19:39:55');
INSERT INTO `news_info` VALUES ('10', '哈尔滨市举办首届“社工节”活动', '\n                            <p>　　3月21日是第11个“国际社工日”，哈尔滨市首届“社会工作节”活动启动仪式21日在友谊宫举行，拉开了为期一周的“社工节”活动序幕。据介绍，哈尔滨市首届“哈市社工节”主题为“社工让社区更美好”，为期一周系列活动包括“社会工作发展现状”及“老年社会工作发展情况”专题报告、社会工作知识专题讲座、社工专业服务进社区等。</p><p style=\"text-align: center; \">　　据统计，目前哈尔滨市持证社工人员达530人。在哈8所高校开设社工专业，每年毕业生达300余人，累计超过2000人。在市、区两级民政部门登记注册社工机构超过30家，先后承接民政部“三区”社工人才支持计划等各类项目。</p><p><br></p>', '活动类', '2017-03-26 19:41:41', '2017-03-26 19:41:41');
INSERT INTO `news_info` VALUES ('11', '哈尔滨市道外区启动“讲好道外故事，共建美好家园”主题活动', '\n                            <p>&nbsp;&nbsp;&nbsp;&nbsp;&nbsp;&nbsp;&nbsp;&nbsp;人民网哈尔滨3月22日电（焦洋）为进一步推进创建全国文明城市工作，以新的载体方式大力培育和践行社会主义核心价值观，用“道外故事”引领社会风尚，大力弘扬崇德向善、互助互爱的传统美德，大力弘扬苦干实干、拼搏进取、创新创造的时代精神。3月22日下午，哈尔滨市道外区在全区范围启动了“讲好道外故事，共建美好家园”主题实践活动。</p><p>&nbsp;&nbsp;&nbsp;&nbsp;&nbsp;&nbsp;&nbsp;&nbsp;“讲好道外故事，共建美好家园”主题活动，主要以创建全国文明城市和道外区“老城复兴，新区崛起”发展战略为主线，用讲好爱岗敬业故事，恪守职业情操；讲好创业创新故事，弘扬拼搏进取精神；讲好志愿服务故事，传播人间大爱；讲好文明家庭故事，传承家庭美德；讲好道德模范故事，引领社会风尚；讲好历史文化故事，秉承优秀传统；讲好工匠能人故事，弘扬精益求精品质。认真组织广大党员干部群众积极参与、主动实践，确保不断取得聚智聚力、促进工作、推动发展的新成效。</p><p></p><p>&nbsp;&nbsp;&nbsp;&nbsp;&nbsp;&nbsp;&nbsp;&nbsp;此次活动，将利用六个月的时间，在全区各机关企事业单位、驻区文明单位、居民群众中广泛推荐和选取身边优秀故事以及历史文化故事。通过组织编撰一套《道外故事》集、抓实一轮宣讲报告、开展一场专题讨论、宣传一批先进典型、推出一批文化专项活动，讲好道外区在哈尔滨的文明发展进程中创造的博大精深的历史文化、人文精神，以及独特的文化传统、独特的历史渊源、独特的区情沿革。同时，讲好道外的历史文化和辉煌成绩，道外人民精神面貌发生的深刻变化，深入阐释道外区在棚户区改造、哈东新区建设、现代都市农业等工作中发展进步的路径、轨迹。讲好道外发展面临的挑战和战胜挑战的措施，不断增强全区广大干部群众热爱道外、建设美好家园的自觉性、坚定性。</p><p><br></p>', '活动类', '2017-03-26 19:42:38', '2017-03-26 19:42:38');
INSERT INTO `news_info` VALUES ('12', '厉害了，我的哈尔滨老年大学 升级哈尔滨人老年生活 开启人生2.0版', '\n                            <p>&nbsp;&nbsp;&nbsp;&nbsp;&nbsp;&nbsp;&nbsp;&nbsp;东北网2月24日讯(记者 王北北)如果你对老年大学的认识，还停留在是大妈们哼着小苹果，手腿并用正规学习跳广场舞的阶段，那你绝对是out了。如果你对哈尔滨老年大学报名现场的认知，还停留在锣鼓喧天、人山人海的阶段，大爷大妈们都会笑你更新速度太慢了。</p><p style=\"text-align: center; \"><img style=\"max-width: 100%; width: 609.3px; height: 405.9px;\" src=\"http://i.imgur.com/weNhsNt.jpg\" class=\"\"><br></p><p style=\"text-align: center; \"><img style=\"max-width: 100%; width: 602.8px; height: 487.3px;\" src=\"http://i.imgur.com/JdCxRQQ.jpg\" class=\"\"><br></p><p style=\"text-align: center; \"><br></p><p>　　如今的哈尔滨老年大学，是一群“资深学者”的“MBA”，是一群思维活跃、阅历丰富、追求时尚且准备引领时尚和潮流“学生”的大舞台，微信咋发我要会，美图咋美颜我要学，淘宝我要开店，手机摄影摄像加后期制作我要一条龙，在紧跟潮流的浪涛里，哈尔滨老年人大声地宣布：我们不是夕阳红，老年大学帮我们开启了人生2.0版。</p><p style=\"text-align: center; \"><img style=\"max-width: 100%; width: 602.8px; height: 401.5px;\" src=\"http://i.imgur.com/rATxMpn.jpg\" class=\"\"><br></p><p style=\"text-align: center; \"><br></p><p>　　<b>报名现场“空荡荡”</b></p><p>　　2月21日，是哈尔滨老年大学现场报名的首日，与“空荡荡”的报名大厅形成鲜明对比的是，该校招生处负责人郑岩满脸的笑容。原来，哈尔滨老年大学今年春季招生首次尝试网上报名和现场报名两种形式，先进行网上报名，网上报名结束后剩余名额再进行现场招生。“老年人大学今年计划招收322个班、9591人，比去年同期扩招2000余人。此次网络报名4908人次，系统开通半天，名额即被抢报一空。”郑岩说，这也是为什么报名现场的没有往年那么火爆的重要原因。</p><p><br></p><p><br></p><p style=\"text-align: center; \"><img style=\"max-width: 100%; width: 609.3px; height: 473.4px;\" src=\"http://i.imgur.com/SPIgM7r.jpg\" class=\"\"><br></p><p style=\"text-align: left;\"><br></p><p style=\"text-align: center;\"><img style=\"max-width: 100%; width: 609.3px; height: 433.8px;\" src=\"http://i.imgur.com/JXlp0cG.jpg\" class=\"\"><br></p><p>　　“善谋为老之策，多办利老之事。这是我们的校训的后两句。”该校党委宣传负责人王若梅对记者说，尝试开通网络报名就是在践行我们的校训，避免以前全部为现场报名可能产生的安全隐患，也为了减少老人雪天路滑，奔波到现场来报名的劳顿。</p><p>　　据王若梅介绍，该校在缴费环节也开通了网上支付功能，“今年不仅可以用POS机直接刷银行卡交费，有支付宝的还可以在网上报名成功后直接交费，还可以通过微信支付。”</p><p>　　<b>“触网”后效应</b></p><p>　　“开通网络报名和网络支付后，一些老年人拍手叫好，有的人甚至把电话打到学校来表示感谢。”该校一名教师对记者说，这些都是我们之前没有想到的后效应。这名老师提到的“触网”后效应，就是很多老人因为学校开通的网络报名和网上支付功能，省去了舟车劳顿去现场报名的环节感到十分方便和开心，但是由于不会操作，需要儿女的帮忙，“每次拿起手机想给儿子打电话让他回家一趟，又怕话耽误他工作，很长时间也回不了一次家，一起吃一顿饭。这回终于有个正当理由让孩子回家啦。”哈尔滨市民63岁的崔女士说出了很多老年人的心声。</p><p>　　其实，老年大学这样的一个举措，也满足了很多很少回家看望父母的哈尔滨中青年人的尽孝之心。“之前在微信上就看到了，一个儿子为了教会自己的母亲如何使用微信，用图画的形式，把每一个步骤都用心详细的画了下来，看完觉得很惭愧。很多时候，爸妈问我手机的问题，因为工作一天，而且又是在电话里沟通，说不明白，他们也听不懂，自己经常就烦躁了。这回老年大学开通的新功能，让我有个机会回家好好帮爸妈选专业，为他们交上费用，尽一下自己的孝心，让爸妈开心开心。”哈尔滨市民陈先生说。</p><p>　　“一个网上报名、网上支付功能的开通，为了方便老人，无形中拉近了那么多老年人与孩子的距离，产生了这么多感人的故事。看到这些真的让我们这些为老年人服务的从业人员，感到十分开心和欣慰。”郑岩对记者说。</p><p>　<b>资深“学者”充电忙</b></p><p>　　据郑岩介绍，今年老年大学的课程设置非常丰富，春季招生开设7个系、130余门课程。有声乐、交谊舞、民族舞、健身舞、钢琴、电子琴等130余门课程，并新增了网络购物与淘宝开店、手机摄影摄像与后期制作、水兵舞等、陶笛、品读葡萄酒、海鲜与食品雕刻、3D建模与打印等17个专业，更好地满足老年人的多种学习需求。</p><p>　　“家里面放着好几个孩子给的电脑，有大个子台式的，有笔记本还有平板，可是我连手机都没鼓捣明白，孩子每天上班很忙，没人教我啊。”2月22日，在现场报名的第二天，71岁的赵大娘手里拿着iphone6不断的摇头，“这不听说咱老年大学要开智能手机课程，我和几个平时就在一起玩的老邻居高兴坏了。什么QQ、微信、美图秀秀包括咋传照片，我们几个老姐妹也要学起来。”</p><p>　　赵大娘告诉记者，她已经从女儿那里学会了怎么用录音笔，“我们准备不仅要上课记笔记,还要用录音笔录下老师讲的，回家后慢慢琢磨、好好练习。”</p><p>　　采访中记者发现，像赵大娘这样盯准手机操作、电脑应用和图片视频后期制作等对于老年人来说高难度课程的不在少数，与时俱进，努力跟上孩子和时代的步伐，是他们的迫切需求。</p><p>　　<b>圈粉“90后”</b></p><p>　　哈尔滨老年大学，一个“出生”于1984年4月1日，坐落于美丽的松花江南岸，全国创建最早的“80后”老年大学，30年来，哈尔滨老年大学在开拓中探索，在创新中发展，创造了一个个令人瞩目的辉煌，也以其四溢的魅力，吸引了大批哈尔滨的“70后”、“80后”甚至“90后”。当然，这里的708090后，是指年龄70+、80+、90+的矍铄老年人们。</p><p>　　其中，就是哈尔滨“90后”的代表，生于1925年6月的于泽音老人最想学的就是“咋使智能手机”，现场报名的第一天，老人就赶到了老年大学，在报名表上填上了“手机初级速成班”。</p><p>　　老年大学资深教师告诉记者，在哈尔滨老年人群体中圈粉无数的哈尔滨老年大学，之所以如此火爆，和其与时俱进的软硬件办学条件以及课程设置是分不开的。此外，很多老年人要圆儿时的梦，找到自己的圈子，为自己充电学习，不被社会所落下，也是重要因素。“大部分老年人报名老年大学是为了消磨退休时光，希望在老年大学里找到自己的圈子，动动手，找点事情做，这部分老年人通常会选择手工制作或者唱歌、跳舞的专业；还有一部分会选择学习中医保健、营养烹饪、瑜伽健身等专业，老年人比年轻人更注重健康养生；另外，很多老年人在年轻时都有过梦想，对艺术心存向往，钢琴班的老人们尤其如此。很多老人先是让儿女学，完成自己的心愿，现在儿女长大独立生活了，老人们就开始学习了。”</p><p>　　<b>人生2.0版</b></p><p>　　在老年大学学习模特班已经有三年的迟女士告诉记者，班级的概念在她们这些老年人眼里意义已经扩大了，她们不仅是每周一次二次课的同学，更是课下的好姐妹，“有演出大家一起排练，有旅游团大家一起组团出行，家里有事几个同学一起帮忙。”在儿时同学、同事在距离和时间的限制下，老年大学的同学更像是一个圈子，“我们由于自己的微信群，平时在里面讨论养生和健康，逢年过年大家就都在里面发红包，热闹极了。有时候，老伴儿看我拿着手机哈哈大笑都不明白咋回事，其实是我们姐妹几个往群里发笑话哪。都说老人生活是夕阳红，我们可不这么看，用时下流行的网络语言来说，老年大学帮我们开启了老年生活的2.0版，我们升级啦。”</p><p>　　“老年大学不是营利机构，不是靠着办学赚老年人的钱。”一位资深老师说，“常怀尊老之情，恪守敬老之责，这是我们校训的前两句，我们也一直在用行动践行着我们的校训，用我们的力之所及，来为哈尔滨老年人们不断创造更好的求学环境，让他们的老年生活更加丰富多彩，让老年人的精神生活越来越富足。”</p><p>　　<b>背景资料：</b></p><p>　　随着生活水平提高，哈尔滨市百岁老人人数也在逐渐增多。记者近日从哈尔滨市老龄办获悉，截至今年2月中旬，哈市百岁以上寿星已达210人。截至2013年底，哈市60岁以上老年人口为164.05万，占总人口比例的16.5%，较上年增加9.85万，增长了6.4%。预计哈尔滨市2020年60岁及以上老年人口数为252万，占总人口的25%。</p><p></p><p>&nbsp;</p><p><br></p>', '活动类', '2017-03-26 19:59:57', '2017-03-26 19:59:57');
INSERT INTO `news_info` VALUES ('13', '运动不分人群 老人运动禁忌小贴士', '\n                            <p><font color=\"#ff0000\">核心提示</font>：运动是最好的保健方法，老人体质本来就弱，要想增强体质，就必须得运动。但是运动过度老人也会吃不消，老人运动一定要记住以下几点。</p><p>&nbsp;</p><p>运动也有强度之分，强度大的，达到的效果自然好，强度小的，见效也没有那么快。从<a href=\"http://jbk.39.net/yxmc/zhongyishuyu/jk\" target=\"_blank\">健康</a>方面着想，老人运动不宜太过剧烈，以免引发疾病。</p><p>　　1. 老人运动前一定要给身体做个全面的检查。近年来，也有不少老人因运动过度而引发疾病。所以老人如果有心脑血管疾病，应该咨询医生哪些<a href=\"http://jbk.39.net/syz1/\" target=\"_blank\">运动不能</a>做的，平时运动时就避免此运动。</p><p style=\"text-align: center; \"><img style=\"max-width: 100%; width: 609.3px; height: 386.1px;\" src=\"http://i.imgur.com/dfo19u0.jpg\" class=\"\"><br></p><p><v:shapetype id=\"_x0000_t75\" coordsize=\"21600,21600\" o:spt=\"75\" o:preferrelative=\"t\" path=\"m@4@5l@4@11@9@11@9@5xe\" filled=\"f\" stroked=\"f\">\n \n \n  \n  \n  \n  \n  \n  \n  \n  \n  \n  \n  \n  \n \n \n \n<v:shape id=\"_x0000_i1025\" type=\"#_x0000_t75\" alt=\"\" style=\"width:390pt;\n height:247.5pt\">\n <v:imagedata src=\"file:///C:\\Users\\ADMINI~1\\AppData\\Local\\Temp\\msohtmlclip1\\01\\clip_image001.jpg\" o:href=\"https://timgsa.baidu.com/timg?image&amp;quality=80&amp;size=b9999_10000&amp;sec=1490367553410&amp;di=1b8238df08af6a1a06f8ca6860564bd4&amp;imgtype=0&amp;src=http%3A%2F%2Fsimg.dahe.cn%2F2016%2F6%2F1%2F962ce1b10551d2f2.jpg\">\n</v:imagedata></v:shape></v:shapetype></p><p>　　2. 运动是一项耗体力的事，所以老人一定要保证充足的睡眠，才能把动作做到最好，达到好的效果。</p><p>　　3. 运动时间一定要注意，很多老人喜欢晨起做运动，其实最好的运动时间是8点到9点，而且不宜空腹，最好早晨起来，吃<a href=\"http://spk.39.net/shipin/liangshi/lsjgp/e0bed.html\" target=\"_blank\">过早</a>餐后歇一会再去。如果有太阳，最好等太阳升起再锻炼。经过一夜的时间，污染物在空气中的堆积比较多，呼吸了这些污浊的空气对人体会产生有害的影响。太阳出来之后，这些污染物在空气中进行一定的稀释分解，空气质量就会相对好一些，在这样的情况下进行晨练活动，就比较适合人体的新陈代谢。</p><p>　　4.&nbsp;避免过于剧烈的运动。老年人的肌肉在慢慢萎缩，肌肉的力量也有所减退，神经系统反应较慢，所以最好选择一些缓慢、放松的运动，能使全身得到运动，如太极拳、慢跑等。</p><p>　　5.&nbsp;活动量过大或增加过快往往是老年人发生意外损伤的原因之一。因此老人锻炼时要循序渐进，对一定的运动负荷适应后再慢慢增加活动量，切忌操之过急而使活动量过大。<span style=\"color: inherit; font-family: inherit; font-size: 36px;\">&nbsp;</span></p>\n                        <p><br></p>', '知识类', '2017-03-26 20:07:29', '2017-03-26 20:07:29');
INSERT INTO `news_info` VALUES ('16', '老年人保持年轻的秘诀', '\n                            <p>&nbsp;&nbsp;&nbsp;&nbsp;&nbsp;&nbsp;&nbsp;&nbsp;<b>养生之道网导读：</b>你知道<a href=\"https://www.ys137.com/yanglao/549257.html\" target=\"_blank\">老年人</a>保持年轻的秘诀有哪些吗？ 我们经常会看到，一些老人虽然年纪大了，却依旧活力四射，笑容满面，精神奕奕，这是因为，他们保持了一颗年轻的心。那么小编为你介绍老年人保持年轻的秘诀。</p><p>·&nbsp;&nbsp;&nbsp;&nbsp;\n<a href=\"https://www.ys137.com/xinli/1494450.html#老年人保持年轻的秘诀\">老年人保持年轻的秘诀</a></p><p>·&nbsp;&nbsp;&nbsp;&nbsp;\n<a href=\"https://www.ys137.com/xinli/1494450.html#老人想要长寿 要学会几个诀窍\">老人想要长寿 要学会几个诀窍</a></p><p></p><p>·&nbsp;&nbsp;&nbsp;&nbsp;\n<a href=\"https://www.ys137.com/xinli/1494450.html#如何拥有快乐的心态\">如何拥有快乐的心态</a></p><div><br></div><div><h2><font size=\"5\">老年人保持年轻的秘诀</font></h2><h2><p><font size=\"4\">1、巩固爱情</font></p><p><font size=\"3\">俗话说“少年<a href=\"https://www.ys137.com/xinli/517527.html\" target=\"_blank\">夫妻</a>老来伴，恩爱夫妻多长寿”。愈是年老愈要珍惜、巩固爱情。老年夫妇切莫分开各自跟随儿女过日子，而应朝夕相处，说说悄悄话，相互体贴，相互关心。</font></p><p><font size=\"4\">2、活动手指</font></p><p><font size=\"3\">经常活动手指，做两手交替运动及转动<a href=\"https://www.ys137.com/yanglao/325030.html\" target=\"_blank\">健身球</a>，可以刺激大脑两半球，有健脑益智、延缓大脑衰老的作用。</font></p><p><font size=\"4\">3、保证睡眠充足</font></p><p><font size=\"3\">中老年人要学会规律地生活，合理安排作息时间，保证一天有八小时左右的<a href=\"https://www.ys137.com/baike/778220.html\" target=\"_blank\">睡眠时间</a>。</font></p><p><font size=\"4\">4、转即转换不同性质的运动</font></p><p><font size=\"3\">如读书、写作后，应及时转换另外不同性质的活动，使大脑神经松弛而不过分疲劳，使脑力保持最佳状态。</font></p><p><font size=\"4\">5、保持大脑的活力</font></p><p><font size=\"3\">中老年人要多用脑，如坚持读报看书、绘画、下棋，培养多种兴趣爱好。研究表明，经常用脑的65岁老人，其脑力并不比不爱动脑的35岁的青年人差。</font></p><p><font size=\"4\">6、珍惜亲情</font></p><p><font size=\"3\">人到老年更应珍惜对配偶、对子孙的感情，让亲情充满天伦之中。尊重儿女们的选择，不要过多干预儿女的生活。</font></p><p><font size=\"4\">7、调节饮食</font></p><p><font size=\"3\">做到粗细混杂，荤素搭配，少吃些动物脂肪和含糖类食物。听即听优美动听的歌曲，优美的旋律可调节中枢神经系统的功能，使人有一种心旷神怡的欢乐感觉。</font></p><p><font size=\"4\">8、注意世情</font></p><p><font size=\"3\">进入老年，也应入时，要注意自己的穿着打扮，因为恰当的修饰能给老人带来活力，它会使老人自感年轻。同时，注重仪表也利于社交活动。</font></p><p style=\"text-align: center; \"><img style=\"max-width: 100%; width: 609.3px; height: 381.6px;\" src=\"http://i.imgur.com/qxbUssP.jpg\" class=\"\"><font size=\"3\"><br></font></p><p><v:shapetype id=\"_x0000_t75\" coordsize=\"21600,21600\" o:spt=\"75\" o:preferrelative=\"t\" path=\"m@4@5l@4@11@9@11@9@5xe\" filled=\"f\" stroked=\"f\">\n \n \n  \n  \n  \n  \n  \n  \n  \n  \n  \n  \n  \n  \n \n \n \n<v:shape id=\"图片_x0020_1\" o:spid=\"_x0000_i1025\" type=\"#_x0000_t75\" alt=\"老年人保持年轻的秘诀\" style=\"width:5in;height:225pt;visibility:visible;\n mso-wrap-style:square\">\n <v:imagedata src=\"file:///C:\\Users\\ADMINI~1\\AppData\\Local\\Temp\\msohtmlclip1\\01\\clip_image001.jpg\" o:title=\"老年人保持年轻的秘诀\">\n</v:imagedata></v:shape></v:shapetype></p><p><font size=\"4\">9、增进友情</font></p><p><font size=\"3\">“有朋自远方来，不亦乐乎”，这句话对许多老年人来说体会尤为深刻。人到老年害怕孤独，应该多交朋友，并常与老友聚会，或结伴郊游，使老年生活兴趣盎然。</font></p><p><font size=\"4\">10、愉悦心情</font></p><p><font size=\"3\">保持良好的情绪，心胸豁达大度，逢事淡然处之，勿与人争高低，尽力培养自己的业余爱好，确立精神支撑，从中寻找乐趣。琴棋书画，种花养鸟，都是最佳的选择，自可陶醉其中。</font></p></h2><h2><font size=\"5\">老人想要长寿 要学会几个诀窍</font></h2><h2><p><font size=\"3\">1、喝茶前进行充分搅拌。茶中富含的抗氧化剂（多酚）有助于人体抵御<a href=\"https://www.ys137.com/zyys/221476.html\" target=\"_blank\">心脏病</a>、癌症和过早老化。以色列学者进行的一项研究发现：适量饮茶的人比不经常饮茶的人要活得长。需要记住的是：喝茶之前要充分搅拌茶水，研究显示这种方法能让茶水多释放出15%的抗衰老成分。</font></p><p><font size=\"3\">2、每天早上单腿轮换站立。这听起来有些奇怪，但每天早上穿衣服的时候单腿轮换站立会迫使身体保持平衡，增强支撑脊柱的核心<a href=\"https://www.ys137.com/ydys/143803.html\" target=\"_blank\">肌肉</a>群（后背、骨盆和腹部）力量。理疗医师认为：对于保持身体活跃、预防跌倒和上了年纪后避免骨折来说，这个简单的动作具有显着的长期功效。</font></p><p><font size=\"3\">3、每周至少进行两次性生活。研究者对威尔士人群进行的大规模长寿调查项目显示：与每周进行两次<a href=\"https://www.ys137.com/ysrq/1626379.html\" target=\"_blank\">性生活</a>的人相比，每个月性生活不到一次的人过早死亡的风险会增倍。英国皇家爱丁堡医院进行的研究发现：拥有健康性生活的夫妇看起来会年轻7岁，这或许是因为性生活能减轻压力、满足感更强和<a href=\"https://www.ys137.com/zt/542866.html\" target=\"_blank\">睡眠质量</a>更好。</font></p><p><font size=\"3\">4、每天吃3个核桃。美国斯克兰顿大学近期的研究显示：核桃是最健康的坚果，因为它含有效力最强的能抗<a href=\"https://www.ys137.com/ysrq/143595.html\" target=\"_blank\">疾病</a>和<a href=\"https://www.ys137.com/ysrq/288.html\" target=\"_blank\">抗衰老</a>的抗氧化剂。每天吃3个就能充分受益。</font></p><p><font size=\"3\">5、结交6个可以信赖的好友。澳大利亚学者近期对百岁老人进行的研究发现：建立亲密的友谊关系和家庭纽带是长寿<a href=\"https://www.ys137.com/sex/539113.html\" target=\"_blank\">健康</a>的秘诀。朋友能够提供情感支持，有助于人们应对压力；感受到被关爱能促进大脑生成多巴胺和后叶<a href=\"https://www.ys137.com/muying/254684.html\" target=\"_blank\">催产素</a>，从而有利于大脑生长和<a href=\"https://www.ys137.com/zyys/44821.html\" target=\"_blank\">延缓衰老</a>。研究者确认每个人结交的最优朋友数量是6个。</font></p></h2><h2><font size=\"5\">如何拥有快乐的心态</font></h2><h2><p><font size=\"4\">运动也是好心情的助力剂</font></p><p><font size=\"3\">运动让人健康有活力。同时过量但不过度的运动有时有发泄的作用有助于排解坏心情。这样保持好心情排解坏心情自然是要多活动活动。其实<a href=\"https://www.ys137.com/ydys/hwyd/\" target=\"_blank\">户外运动</a>更主要的是在户外空气清新，景色美丽能让人心情放松。更加容易放下压力，所以心情自然会愉悦。</font></p><p><font size=\"4\">兴趣是最好的伙伴</font></p><p><font size=\"3\">如果每次遇到点烦心事你都要去找发泄的方法。那说明你缺少兴趣。其实遇到什么不开心的事做做自己喜欢的事情，比如去<a href=\"https://www.ys137.com/ydys/141579.html\" target=\"_blank\">自行车</a>出行，去旅游摄影，去钓鱼。你一定会比其它的更容易发泄出自己的不愉快，所以找个兴趣还是很重要的。</font></p><p><font size=\"4\">读书</font></p><p><font size=\"3\">其实读书也可以说是兴趣的一种，但是之所以单独列出来还是因为。看书更容易让人思想成熟，也就是说如果你对快乐与悲伤有了更加透彻的理解。你会选择快乐还是悲伤。</font></p><p><font size=\"4\">朋友</font></p><p><font size=\"3\">朋友是生活中最好的良药。快乐可以分享增添快乐，悲伤可以分担减少忧伤。有好朋友一些伤痛算什么。</font></p><p><font size=\"3\">排解和释放坏的情绪</font></p><p><font size=\"3\">把好的心情请进屋自然要把坏的心情请出去。当然它肯定不会自然而然的地走。你可以引导自己的思想，比如自己凭什么烦恼，我应该还有另一种姿态去处理这个问题的。如果我这样做是不是更加优雅从容呢。这一点挫折算不了什么。</font></p></h2></div><p><br></p>', '知识类', '2017-03-26 20:23:28', '2017-03-26 20:23:28');
INSERT INTO `news_info` VALUES ('17', '老人做什么运动养生', '\n                            <p>&nbsp;&nbsp;&nbsp;&nbsp;&nbsp;&nbsp;&nbsp;<b>&nbsp;养生导读：</b>如今老人们的身体情况越来越差，需要适当运动才能增强自身的<a href=\"https://www.ys137.com/meirong/798800.html\" target=\"_blank\">抵抗力</a>和<a href=\"https://www.ys137.com/yinshi/1525531.html\" target=\"_blank\">免疫力</a>，那么老人做什么<a href=\"https://www.ys137.com/ydys/\" target=\"_blank\">运动养生</a>呢？老人一天运动如何安排呢？下面养生之道为您介绍老人做什么运动养生。</p><p>&nbsp; &nbsp;&nbsp;&nbsp;&nbsp;&nbsp;&nbsp;<b>老人早上怎么运动养生？</b></p><p>&nbsp;&nbsp;&nbsp;&nbsp;&nbsp;&nbsp;&nbsp;&nbsp;早上7点～8点刚睡醒时，身体的各种机能还处在僵硬状态，所以运动最好以中轻度的有氧运动为主，运动量不能大，不能做力量型运动和过于剧烈的<a href=\"https://www.ys137.com/ydys/372463.html\" target=\"_blank\">有氧运动</a>，这些运动会造成人体血液黏稠，尤其对于有心脏病、<a href=\"https://www.ys137.com/yinshi/1533158.html\" target=\"_blank\">高血压</a>的高危人群，很容易诱发疾病。</p><p>&nbsp;&nbsp;&nbsp;&nbsp;&nbsp;&nbsp;&nbsp;&nbsp;早晨起床后，洗漱完毕，略带微笑，双足与肩等宽站立，上身放松，下身部分微微下蹲，足趾轻轻抓地，双目远眺。快走运动和散步都是早晨不错的运动方式，心率控制在96～102，达到微微出汗的热身效果就好。打<a href=\"https://www.ys137.com/yanglao/306955.html\" target=\"_blank\">太极拳</a>也是再好不过的早上运动。</p><p>&nbsp;&nbsp;&nbsp;&nbsp;&nbsp;&nbsp;&nbsp;&nbsp;<b>老人午后怎么运动养生？</b></p><p>午饭后身体比较懒散，即使去运动也调动不起什么积极性，而且还容易伤身体。老年人午后休息比运动好。</p><p>&nbsp;&nbsp;&nbsp;&nbsp;&nbsp;&nbsp;&nbsp;&nbsp;<b>老人晚上怎么运动养生？</b></p><p style=\"text-align: center; \"><img style=\"max-width: 100%; width: 548.1px; height: 361.8px;\" src=\"http://i.imgur.com/kcsEOnM.jpg\" class=\"\"><b><br></b></p><p><v:shapetype id=\"_x0000_t75\" coordsize=\"21600,21600\" o:spt=\"75\" o:preferrelative=\"t\" path=\"m@4@5l@4@11@9@11@9@5xe\" filled=\"f\" stroked=\"f\">\n \n \n  \n  \n  \n  \n  \n  \n  \n  \n  \n  \n  \n  \n \n \n \n<v:shape id=\"图片_x0020_1\" o:spid=\"_x0000_i1026\" type=\"#_x0000_t75\" alt=\"老人做什么运动养生\" style=\"width:315pt;height:207.75pt;visibility:visible;\n mso-wrap-style:square\">\n <v:imagedata src=\"file:///C:\\Users\\ADMINI~1\\AppData\\Local\\Temp\\msohtmlclip1\\01\\clip_image001.jpg\" o:title=\"老人做什么运动养生\">\n</v:imagedata></v:shape></v:shapetype></p><p>&nbsp;&nbsp;&nbsp;&nbsp;&nbsp;&nbsp;&nbsp;&nbsp;傍晚5点～8点是运动的黄金时间，这时候人的神经异常兴奋、情绪高涨、全身放松，而且这时候运动能提高你的晚间<a href=\"https://www.ys137.com/zt/542866.html\" target=\"_blank\">睡眠质量</a>。所以，这时候要做充足的全身运动。</p><p>&nbsp;&nbsp;&nbsp;&nbsp;&nbsp;&nbsp;&nbsp;&nbsp;体力比较好的中老年人傍晚的运动要把有氧运动和无氧运动结合起来做。在户外做运动，老年人傍晚主要以轻运动量的有氧运动为主，可以慢跑，或跳拉丁舞、交谊舞等，促进消化，加快<a href=\"https://www.ys137.com/ydys/50165.html\" target=\"_blank\">血液循环</a>，时间在1小时左右就可以了，不要做<a href=\"https://www.ys137.com/ydys/139060.html\" target=\"_blank\">剧烈运动</a>。</p><p>&nbsp;&nbsp;&nbsp;&nbsp;&nbsp;&nbsp;&nbsp;&nbsp;1、头部活动</p><p>&nbsp;&nbsp;&nbsp;&nbsp;&nbsp;&nbsp;&nbsp;&nbsp;以头作笔尖，摇动头部写“长寿”两个字。然后令头部围绕这两个字划圆，先顺时针方向，再反方向，以上动作要缓慢些，时间约2分钟。</p><p>&nbsp;&nbsp;&nbsp;&nbsp;&nbsp;&nbsp;&nbsp;&nbsp;2、扩胸活动</p><p>&nbsp;&nbsp;&nbsp;&nbsp;&nbsp;&nbsp;&nbsp;&nbsp;站立姿势不变，两腿稍屈，两臂经胸前平屈向前平举（合掌指尖向前），低头含胸。再两腿伸直，两臂向后摆至侧平举（掌心向后），抬头挺胸。两腿屈伸一次，两臂胸前平屈并后振一次（拳心向下），再收回。时间约1分钟。</p><p>&nbsp;&nbsp;&nbsp;&nbsp;&nbsp;&nbsp;&nbsp;&nbsp;3、交叉摆掌</p><p>&nbsp;&nbsp;&nbsp;&nbsp;&nbsp;&nbsp;&nbsp;&nbsp;站立姿势不变，两手下垂，两掌交叉，掌心向腹部，然后两臂向外侧张开，张开幅度以自己适宜自然为度，速度不求快，张开手臂之后，随即收臂，使两手掌回复成交叉，时间约1分钟。</p><p>&nbsp;&nbsp;&nbsp;&nbsp;&nbsp;&nbsp;&nbsp;&nbsp;4、两掌划圆</p><p>&nbsp;&nbsp;&nbsp;&nbsp;&nbsp;&nbsp;&nbsp;&nbsp;两掌心相对约10厘米，保持这个距离，两掌高低与裤腰带平，两掌心保持距离不变，然后以上臂带动手臂作划圆运动。先身体略向左侧划圆，顺时针20圈，逆时针划20圈，然后身体向右侧转动，继续如上述，顺逆方向划圆各20圈。</p><p>&nbsp;&nbsp;&nbsp;&nbsp;&nbsp;&nbsp;&nbsp;&nbsp;5、弓步扩胸法</p><p>&nbsp;&nbsp;&nbsp;&nbsp;&nbsp;&nbsp;&nbsp;&nbsp;一只脚在前，一只脚在后，成弓步状站立姿势，然后两臂平伸开来，手掌微握空心拳，接着做两臂开合拢的扩胸运动，动作要慢，同时两脚踝部及下肢配合上肢的开合作两脚一前一后的屈伸运动，使上下肢及踝部得到锻炼。做完后，两只脚调换一下再进行一次扩胸活动。</p><p>&nbsp;&nbsp;&nbsp;&nbsp;&nbsp;&nbsp;&nbsp;&nbsp;6、放松整理</p><p>&nbsp;&nbsp;&nbsp;&nbsp;&nbsp;&nbsp;&nbsp;&nbsp;双手搓搓热，在身体上下前后，尤其是<a href=\"https://www.ys137.com/zyys/52211.html\" target=\"_blank\">足三里穴</a>（位于<a href=\"https://www.ys137.com/slys/147060.html\" target=\"_blank\">膝关节</a>髌骨下，髌骨韧带外侧凹陷中，即外膝眼下四横指处）及<a href=\"https://www.ys137.com/zyys/862669.html\" target=\"_blank\">涌泉穴</a>（脚底，五趾用力弯曲，中央凹处）重点按揉一番，另外腰部也重点按揉一会儿，时间约一分钟。</p><p>&nbsp;&nbsp;&nbsp;&nbsp;&nbsp;&nbsp;&nbsp;&nbsp;傍晚的运动要选择在饭前1小时或饭后1个半小时进行。运动后最好吃一些含<a href=\"https://www.ys137.com/yinshi/535880.html\" target=\"_blank\">维生素</a>C的食品，再洗个温水澡让身体放松，水温要控制在40℃～45℃，太高了会加快体内矿物质流失。</p><p>&nbsp;&nbsp;&nbsp;&nbsp;&nbsp;&nbsp;&nbsp;&nbsp;<b>老人运动养生注意事项</b></p><p style=\"text-align: center; \"><img style=\"max-width: 100%; width: 609.3px; height: 401.4px;\" src=\"http://i.imgur.com/36Pj4XW.jpg\" class=\"clicked\"><b><br></b></p><p><v:shape id=\"图片_x0020_2\" o:spid=\"_x0000_i1025\" type=\"#_x0000_t75\" alt=\"老人做什么运动养生\" style=\"width:315pt;height:207.75pt;visibility:visible;mso-wrap-style:square\">\n <v:imagedata src=\"file:///C:\\Users\\ADMINI~1\\AppData\\Local\\Temp\\msohtmlclip1\\01\\clip_image002.jpg\" o:title=\"老人做什么运动养生\">\n</v:imagedata></v:shape></p><p>&nbsp;&nbsp;&nbsp;&nbsp;&nbsp;&nbsp;&nbsp;&nbsp;对中老年人来说，健身运动的效果不取决于运动量的大小，而在于持之以恒。运动的频率一般为每日或隔日1次，或每周不少于4次，间隔时间不宜超过3天。</p><p>&nbsp;&nbsp;&nbsp;&nbsp;&nbsp;&nbsp;&nbsp;&nbsp;初参加运动的人，开始运动次数及运动量应少些，每周3次，每次15～30分钟较适宜。以后每周3～5次，每次30～50分钟。</p><p>&nbsp;&nbsp;&nbsp;&nbsp;&nbsp;&nbsp;&nbsp;&nbsp;体质稍差，年龄偏大或初次参加<a href=\"https://www.ys137.com/ydys/52107.html\" target=\"_blank\">体育锻炼</a>的人，可以慢跑或跑、走交替的运动方式，每次15～30分钟，每周2～3次，经过几周或几个月后，根据体质情况再增加运动频率。</p><p>&nbsp;&nbsp;&nbsp;&nbsp;&nbsp;&nbsp;&nbsp;&nbsp;健康的老年人，每天可坚持锻炼一次，每次30分钟左右。</p><p>&nbsp;&nbsp;&nbsp;&nbsp;&nbsp;&nbsp;&nbsp;&nbsp;进行有一定运动强度、运动量及持续时间（30分钟以上）的体育锻炼时，每周3～4次，隔日一次亦可。</p><p></p><p>&nbsp;&nbsp;&nbsp;&nbsp;&nbsp;&nbsp;&nbsp;&nbsp;老年人的各项生理机能在下降，血管弹性变差，出现不同程度的硬化等，因此不宜选择强度大、对抗性强、速度快及需要憋气的项目，以免引起<a href=\"https://www.ys137.com/yinshi/1499031.html\" target=\"_blank\">心肌缺血</a>、服血管意外、骨折或其他伤害事故。</p><p><br></p>', '知识类', '2017-03-26 20:30:10', '2017-03-26 20:30:10');
INSERT INTO `news_info` VALUES ('18', '老年人日常保健坚持八大原则', '\n                            <p>·&nbsp;&nbsp;&nbsp;&nbsp;&nbsp;&nbsp;&nbsp;&nbsp;\n老人养生保健，吃什么可以长寿，这样的问题一直围绕着老年人，其实很多坚果类的小零食营养价值是很高的，并且有些可预防衰老，有些则可预防老年疾病等，但是老年人除了注意日常饮食，还要注意运动。老年人要想养生就要按照以下的原则来进行，那么健康和长寿的梦想就会不会太遥远了。</p><p>·&nbsp;&nbsp;&nbsp;&nbsp;&nbsp;&nbsp;&nbsp;&nbsp;<b>\n一 要每年查体防疾病。</b></p><p>·&nbsp;&nbsp;&nbsp;&nbsp;&nbsp;&nbsp;&nbsp;&nbsp;\n疾病是每个人都避不开的，所不同者只在于轻重而已，医家提倡早期发现、早期治疗是非常科学的。在平日，自己应当多学点疾病自查知识，发现不适时应及早求教医生，力争每年检查一次身体，以防微杜渐。对已查明患了各种慢性疾病的老年朋友，有两点忠告：一不要按广告吃药，应按医嘱服药;二不要人云亦云、道听途说，盲目服药，新药的临床验证时间较少，还是以少用为妙。</p><p>·&nbsp;&nbsp;&nbsp;&nbsp;&nbsp;&nbsp;&nbsp;&nbsp;<b>\n二 要根据体能选补药。</b></p><p>·&nbsp;&nbsp;&nbsp;&nbsp;&nbsp;&nbsp;&nbsp;&nbsp;\n我们这一代老年人由于身体底子差，大多存在多种虚症。我体会根据自己体能选用一些补药，常年服用，对抗衰延年是有补益的。城市内流行的各种成品补药很多，但多价格昂贵，老年朋友可斟酌自身财力，根据医嘱适当选用;财力不足者如能坚持服用黄芪、枸杞子、灵芝、当归等价廉补品也可获效。补钙是每位老年朋友必须认真注意的，人到老年骨密度降低是必然的，除了饮食注意补钙外，还应适当补充钙剂，这类药以睡前用豆浆冲服，吸收效果最好。</p><p>·&nbsp;&nbsp;&nbsp;&nbsp;&nbsp;&nbsp;&nbsp;&nbsp;\n<b>三 要适当运动强筋骨。</b></p><p>·&nbsp;&nbsp;&nbsp;&nbsp;&nbsp;&nbsp;&nbsp;&nbsp;\n运动对防衰抗老起着很重要的作用，但运动的学问很多，不要人动己动，人跑己跑，那是很危险的，我目睹过因超量运动而猝死的实例。一句话，老年人不适合激烈运动，过去没有跑步史、游泳史的老人，不要贸然去参加，因为你的心脏负荷可能承受不了。我认为，适合老年人的运动一是气功、二是散步，如果每天能做半小时气功，再漫步半小时，对保持良好的体能、体态、体型均会有益。老年人的心、脑犹如一张弓，不能超体能地去绷弦!</p><p>·&nbsp;&nbsp;&nbsp;&nbsp;&nbsp;&nbsp;&nbsp;&nbsp;\n<b>四 要平衡膳食多吃素。</b></p><p>·&nbsp;&nbsp;&nbsp;&nbsp;&nbsp;&nbsp;&nbsp;&nbsp;\n主食要粗细搭配，每餐不宜饱食，以100克至150克为度;副食要多菜、果、鱼、蛋、奶适量，最好戒烈性酒，洋葱或大蒜每餐必备。根据我的经验，多吃黄豆制品对人体大有补益。我在大学读书时曾患肺结核，那时国内尚无抗结核药，我是靠喝豆浆治愈的;中年时期患脑血管病也是靠豆浆佐药复原，到目前每天仍坚持饮豆浆。除豆浆外，每天最好喝500毫升酸奶。酸奶可自制，第一次可购一小袋市售酸奶作酵母，把鲜奶烧开放凉后兑入酸奶，在常温下早晨配晚间即可饮用，用时留100毫升作第二次配的菌种。</p><p>·&nbsp;&nbsp;&nbsp;&nbsp;&nbsp;&nbsp;&nbsp;<b>&nbsp;\n五 要自我放松养气血。</b></p><p>·&nbsp;&nbsp;&nbsp;&nbsp;&nbsp;&nbsp;&nbsp;&nbsp;\n自我放松目前已被国内外养生家一致推崇为健身良术。自我放松具有调和气血、恢复体能的作用，坚持做下去还有治疗慢性疾病的效果，自我放松的方法很简单，一是要选择一处空气清新的环境，园林绿地最佳，室内空气清新亦可，坐姿、卧式均可，但一定要选择一种自我感觉最舒适的姿势，保持呼吸自然、通畅;呼吸的调节很好掌握，在你不干预自己的呼吸时，呼吸就会达到自然，既缓慢又匀细，使人处于一种舒适、安逸的状态中，在悠然自得中忘掉呼吸;呼吸自然后要转入意念导引，心想全身放松、入静、人和大自然融合在一起，逐渐使心神进入一种恬淡虚无的境界中;如果你有慢性疾病，再加上一种默想意念：“宇宙光能照我××”(有什么病照什么脏器)，每天大约30分钟,如能逐渐使大脑静到处于一种虚无飘渺的状态中，就真正进入最佳心态。此放松功日久可明显感到气血充盈的效果，做此功时必须选一静处，不受外界噪音干扰。</p><p>·&nbsp;&nbsp;&nbsp;&nbsp;&nbsp;&nbsp;&nbsp;&nbsp;<b>\n六 要淡泊处世避喜怒。</b></p><p>·&nbsp;&nbsp;&nbsp;&nbsp;&nbsp;&nbsp;&nbsp;&nbsp;\n人进入老年切忌过喜和暴怒，在自己心态中要彻底悟透一个“淡”字。活在淡中，乐在淡中，淡忘了年龄，淡忘了生死，淡忘了疾病，淡忘了名利，以淡养身，寿也就在淡中化生。有些老年人易于激动，不懂以淡养生，以至在狂喜暴怒中暴卒。</p><p>·&nbsp;&nbsp;&nbsp;&nbsp;&nbsp;&nbsp;&nbsp;&nbsp;\n要想悟透一个“淡”字，首先要遵循与世无争的准则，应时刻想到名利、钱财均属身外之物，生带不来，死带不去，何须去争;应时刻想到为人处事，和为贵、忍为高。对此，我曾为自己立下两句座右铭：忍一言风平浪静，退半步海阔天空。但其内涵绝非要朋友们消极地忍气吞声，如是那样，全憋到肚子里倒会生病。这里指的是积极的忍让，对小事小非均应避之让之，对积德行善、助人为乐的事，则应当仁不让。</p><p>·&nbsp;&nbsp;&nbsp;&nbsp;&nbsp;&nbsp;&nbsp;&nbsp;\n<b>七 要睡前晨醒两按摩。</b></p><p>·&nbsp;&nbsp;&nbsp;&nbsp;&nbsp;&nbsp;&nbsp;&nbsp;\n这种周身按摩如能持之以恒，对疏通经络、调和气血、促进新陈代谢、养生健身，有极好的效果。</p><p>·&nbsp;&nbsp;&nbsp;&nbsp;&nbsp;&nbsp;&nbsp;&nbsp;\n按摩方法：(一)、晚睡前按摩：洗脚后①按摩双脚涌泉穴(脚心)，用右手按摩左脚心90次，再用左手按摩右脚心90次，以双脚心发热为度;②按摩双腿，用双手环扣左腿，从脚踝部向上推摩至腿根部，再向下推摩至踝部，往返为一次，推摩36次，这一推摩要疏通足三阳、足三阴六经，按完左腿再按右腿;③按摩后腰，用双手推摩后腰60—90次，以发热为度;④推摩双臂，先用右手推摩左臂，从手背推摩至肩，再从手心推摩至腋下，各36次，这一推摩要疏通手三阳、手三阴六经，推摩完左臂用同法推摩右臂;⑤按摩胸部，平卧，用双手横向推摩胸部36次，再纵向推摩胸部36次;⑥揉腹，用右手顺时针揉摩腹部 60—90次，再用左手逆时针揉摩腹部60—90次。</p><p>·&nbsp;&nbsp;&nbsp;&nbsp;&nbsp;&nbsp;&nbsp;&nbsp;\n(二)、晨醒按摩：①揉面，双手摩擦生热后，轻揉面部36次;②点四穴，用双中指点按睛明穴36次，用双中指点揉太阳穴反正各36次，用双手食、中、无名指从双侧揉摩风府、风池穴36次;③摩胸部，照前述第⑤法;④揉腹，照前述第⑥法;⑤推摩双臂，照前述第④法;⑥摩后腰，照前述第③法;⑦推摩双腿，照前述第②法;⑧按摩涌泉，照前述第①法。按摩后起床。此法如能自行按摩最好，如体力较差，可减少次数，由他人按摩亦可。</p><p>·&nbsp;&nbsp;&nbsp;&nbsp;&nbsp;&nbsp;&nbsp;&nbsp;<b>\n八 要作息时间讲科学。</b></p><p>·&nbsp;&nbsp;&nbsp;&nbsp;&nbsp;&nbsp;&nbsp;&nbsp;\n老年朋友离岗后，不再有上、下班的纪律约束，有很多人放松了自己，有的夜里看电视、玩麻将到午夜，有的晨间恋床，日上三竿才迟迟起床。这种不正常、不科学的生活起居方式，必然影响饮食，于是由一日正常三餐变成二餐。由于睡眠不规律，必然形成精神萎靡不振，常此下去定会加速衰老进程。因此，老年人退休后仍应遵循在岗时的生活起居方法，按生物钟规律安排自己的生活方式，使每一天的活动都在生物钟支配之下，保证生物钟的正常运转。一般讲，以晨5时起床，起床后进行一小时户外活动，8时早餐，12时午餐，13时午睡半小时，18时晚餐，21时就寝为好。</p><p></p><p>&nbsp;</p><p><br></p>', '知识类', '2017-03-26 20:32:37', '2017-03-26 20:32:37');
INSERT INTO `news_info` VALUES ('19', '老人如何保持心理健康 9个方法供参考', '\n                            <p>&nbsp;&nbsp;&nbsp;&nbsp;&nbsp;&nbsp;&nbsp;&nbsp;研究发现，人类65%-90%的疾病都与心理上的压抑感有关。老年人中85%的人或多或少存在着不同程度的心理问题，对老年人而言，老化情绪是形成心理压抑的一个重要方面。由此可知，老人保持健康的心理才有利于身体健康。那么老人如何保持心理健康呢？影响老人心理健康的因素又有哪些呢？接下来将一一为大家介绍，供大家参考。</p><p>&nbsp;&nbsp;&nbsp;&nbsp;&nbsp;&nbsp;&nbsp;&nbsp;<b>老人如何保持心理健康？</b></p><p>&nbsp;&nbsp;&nbsp;&nbsp;&nbsp;&nbsp;&nbsp;&nbsp;<b>1、保持良好的人际关系。</b></p><p>&nbsp;&nbsp;&nbsp;&nbsp;&nbsp;&nbsp;&nbsp;&nbsp;人际关系的形成包括认知、情感、行为三个方面的心理因素。情感方面的联系是人际关系的主要特征。在人际关系中，有正性积极的关系，也有负性消极的关系，而人际关系的协调与否，对人的心理健康有很大的影响。</p><p>&nbsp;&nbsp;&nbsp;&nbsp;&nbsp;&nbsp;<b>&nbsp;&nbsp;2、充分的安全感。</b></p><p>&nbsp;&nbsp;&nbsp;&nbsp;&nbsp;&nbsp;&nbsp;&nbsp;安全感需要多层次的环境条件，如社会环境、自然环境、工作环境、家庭环境等等，其中家庭环境对安全感的影响最为重要。家是躲避风浪的港湾，有了家才会有安全感。</p><p>&nbsp;&nbsp;&nbsp;&nbsp;&nbsp;&nbsp;&nbsp;<b>&nbsp;3、生活目标切合实际。</b></p><p>&nbsp;&nbsp;&nbsp;&nbsp;&nbsp;&nbsp;&nbsp;&nbsp;要根据自己的经济能力、家庭条件及相应的社会环境来制定生活目标。生活目标的制定既要符合实际，还要留有余地，不要超出自己及家庭经济能力的范围。道家的创始人老子曰：“乐莫大于无忧，富莫大于知足。”</p><p>&nbsp;&nbsp;&nbsp;&nbsp;&nbsp;&nbsp;&nbsp;<b>&nbsp;4、具有一定的学习能力。</b></p><p>&nbsp;&nbsp;&nbsp;&nbsp;&nbsp;&nbsp;&nbsp;&nbsp;在现代社会中，为了适应新的生活方式，就必须不断学习。比如：不学习电脑就体会不到上网的乐趣；不学健康新观念就会使生活仍停留在吃饱穿暖的水平上。学习可以锻炼老年人的记忆和思维能力，对于预防脑功能减退和老年痴呆有益。</p><p>&nbsp;&nbsp;&nbsp;&nbsp;&nbsp;&nbsp;&nbsp;&nbsp;<b>5、保持个性的完整与和谐。</b></p><p>&nbsp;&nbsp;&nbsp;&nbsp;&nbsp;&nbsp;&nbsp;&nbsp;个性中的能力、兴趣、性格与气质等各个心理特征必须和谐而统一，生活中才能体验出幸福感和满足感。例如一个人的能力很强，但对其所从事的工作无兴趣，也不适合他的性格，所以他未必能够体验成功感和满足感。相反，如果他对自己的工作感兴趣，但能力很差，力不从心，也会感到很烦恼。</p><p>&nbsp;&nbsp;&nbsp;&nbsp;&nbsp;&nbsp;&nbsp;<b>&nbsp;6、与外界环境保持接触。</b></p><p>&nbsp;&nbsp;&nbsp;&nbsp;&nbsp;&nbsp;&nbsp;&nbsp;这样一方面可以丰富自己的精神生活，另一方面可以及时调整自己的行为，以便更好地适应环境。与外界环境保持接触包括三个方面，即与自然、社会和人的接触。老年人退休在家，有着过多的空闲时间，常常产生抑郁或焦虑情绪。如今的老年活动中心、老年文化活动站以及老年大学为老年人与外界环境接触提供了条件。</p><p>&nbsp;&nbsp;&nbsp;&nbsp;&nbsp;&nbsp;&nbsp;&nbsp;<b>7、充分地了解自己。</b></p><p>就是指能够客观分析自己的能力，并作出恰如其分的判断。能否对自己的能力作出客观正确的判断，对自身的情绪有很大的影响。如过高地估计自己的能力，勉强去做超过自己能力的事情，常常会得不到想象中的预期结果，而使自己的精神遭受失败的打击；过低的估计自己的能力，自我评价过低，缺乏自信心，常常会产生抑郁情绪。</p><p>&nbsp;&nbsp;&nbsp;&nbsp;&nbsp;&nbsp;&nbsp;<b>&nbsp;8、有限度地发挥自己的才能与兴趣爱好。</b></p><p>&nbsp;&nbsp;&nbsp;&nbsp;&nbsp;&nbsp;&nbsp;&nbsp;一个人的才能与兴趣爱好应该对自己有利，对家庭有利，对社会有利。否则只顾得发挥自己的才能和兴趣，而损害了他人或团体的利益，就会引起人际纠纷，而增添不必要的烦恼。</p><p>&nbsp;&nbsp;&nbsp;&nbsp;&nbsp;&nbsp;&nbsp;&nbsp;<b>9、能适度地表达与控制自己的情绪。</b></p><p>&nbsp;&nbsp;&nbsp;&nbsp;&nbsp;&nbsp;&nbsp;&nbsp;对不愉快的情绪必须给予释放或称为宣泄，但不能发泄过分，否则，既影响自己的生活，又加剧了人际矛盾。另外，客观事物不是决定情绪的主要因素，情绪是通过人们对事物的评价而产生的，不同的评价结果引起不同的情绪反应。有一位老太太，大儿子是晒盐的，小儿子是卖伞的。老太太总是发愁，阴天她为大儿子担心，晴天为小儿子担心。一位心理医生对老太太说：“您真有福气，晴天您的大儿子赚钱，雨天您的小儿子赚钱。”老太太一想很有道理，便高兴起来。</p><p>&nbsp;&nbsp;&nbsp;&nbsp;&nbsp;&nbsp;&nbsp;&nbsp;<b>影响老年人心理健康的因素有哪些？</b></p><p>&nbsp;&nbsp;&nbsp;&nbsp;&nbsp;&nbsp;&nbsp;&nbsp;<b>1、精神创伤</b></p><p>&nbsp;&nbsp;&nbsp;&nbsp;&nbsp;&nbsp;&nbsp;&nbsp;有调查表明，精神创伤对老年人的生活质量、健康水平和疾病的疗效有重要的影响，有些老年人因此陷入痛苦和悲伤之中不能自拔，久而久之必将有损健康。</p><p>&nbsp;&nbsp;&nbsp;&nbsp;&nbsp;&nbsp;&nbsp;<b>&nbsp;2、环境变化</b></p><p>&nbsp;&nbsp;&nbsp;&nbsp;&nbsp;&nbsp;&nbsp;&nbsp;最多见的是周围环境的突然变化，以及社会和家庭人际关系的影响，老年人对此往往不易适应，从而加速了衰老过程。</p><p>&nbsp;&nbsp;&nbsp;&nbsp;&nbsp;&nbsp;&nbsp;<b>&nbsp;3、衰老和疾病</b></p><p></p><p>&nbsp;&nbsp;&nbsp;&nbsp;&nbsp;&nbsp;&nbsp;&nbsp;人到60岁以后，体力和记力都会逐步下降，从而引起一系列生理和心理上的退行性变化。这种正常的衰老变化使老年人难免有“力不从心”的感受，并且带来一些身体不适和痛苦。尤其是高龄老人(指80岁以上的老年人)，甚至担心“死亡将至”而胡乱求医用药。在衰老的基础上若再加上疾病，有些老年人就会产生忧愁、恐惧心理。当然，不同心理状态的老年人，对待衰老和疾病的态度迥然不同。</p><p><br></p>', '知识类', '2017-03-26 20:35:55', '2017-03-26 20:35:55');

-- ----------------------------
-- Table structure for `post_info`
-- ----------------------------
DROP TABLE IF EXISTS `post_info`;
CREATE TABLE `post_info` (
  `post_id` bigint(20) NOT NULL,
  `title` varchar(64) default NULL,
  `content` longtext NOT NULL,
  `gmt_create` timestamp NULL default NULL,
  `gmt_modify` timestamp NULL default NULL,
  `user_id` bigint(20) NOT NULL default '0',
  `top` int(11) default '0',
  `postPicUrl` varchar(128) default NULL,
  PRIMARY KEY  (`post_id`)
) ENGINE=InnoDB DEFAULT CHARSET=utf8;

-- ----------------------------
-- Records of post_info
-- ----------------------------
INSERT INTO `post_info` VALUES ('11', null, '我好喜欢你哦', '2017-03-28 14:50:35', '2017-03-28 14:50:35', '1', '0', '07c24389-1c4e-4c91-9835-44810d8dfc7d');
INSERT INTO `post_info` VALUES ('12', null, '呦呦呦', '2017-03-28 17:12:53', '2017-03-28 17:12:53', '1', '0', 'b0297097-d173-43d9-9acd-8c95f2ac3225');
INSERT INTO `post_info` VALUES ('13', null, '塞纳河畔，作案的咖啡', '2017-03-28 18:49:15', '2017-03-28 18:49:15', '1', '0', '46f47a41-90a9-4757-a836-2f16a4c086a4');

-- ----------------------------
-- Table structure for `question_info`
-- ----------------------------
DROP TABLE IF EXISTS `question_info`;
CREATE TABLE `question_info` (
  `ques_id` bigint(20) NOT NULL,
  `title` varchar(64) NOT NULL,
  `content` longtext NOT NULL,
  `gmt_create` timestamp NULL default NULL,
  `gmt_modify` timestamp NULL default NULL,
  `user_id` bigint(20) NOT NULL,
  `talk_id` bigint(20) NOT NULL,
  PRIMARY KEY  (`ques_id`),
  KEY `FKC2916167EC3BA2FD` (`talk_id`),
  CONSTRAINT `FKC2916167EC3BA2FD` FOREIGN KEY (`talk_id`) REFERENCES `talk_info` (`talk_id`)
) ENGINE=InnoDB DEFAULT CHARSET=utf8;

-- ----------------------------
-- Records of question_info
-- ----------------------------
INSERT INTO `question_info` VALUES ('1', '问题标题', '问题内容', '2017-03-20 00:00:00', '2017-03-20 00:00:00', '1', '1');
INSERT INTO `question_info` VALUES ('2', '啥问题啊', '知识发生了；发；理发； 分解按附件；啦', null, null, '2', '1');
INSERT INTO `question_info` VALUES ('3', '为什么天空是蓝色的', '因为蓝色光波最短\r\n', null, null, '1', '2');
INSERT INTO `question_info` VALUES ('4', '问题标题1', '问题内容1', '2017-03-25 00:00:00', '2017-03-25 00:00:00', '4', '1');
INSERT INTO `question_info` VALUES ('5', '老年人如何过的很有幸福感', '越来越多的老人步入了老年生活......如何在老年享受生活，提高幸福感，发挥预热，是很多老人关注的问题', '2017-03-27 11:35:26', '2017-03-27 11:35:26', '1', '3');

-- ----------------------------
-- Table structure for `record_comment_info`
-- ----------------------------
DROP TABLE IF EXISTS `record_comment_info`;
CREATE TABLE `record_comment_info` (
  `com_id` bigint(20) NOT NULL,
  `content` longtext NOT NULL,
  `gmt_create` timestamp NULL default NULL,
  `gmt_modify` timestamp NULL default NULL,
  `user_id` bigint(20) NOT NULL,
  `receive_user_id` bigint(20) NOT NULL,
  `record_id` bigint(20) NOT NULL,
  PRIMARY KEY  (`com_id`),
  KEY `FK13BC9BBCB721174C` (`record_id`),
  CONSTRAINT `FK13BC9BBCB721174C` FOREIGN KEY (`record_id`) REFERENCES `record_info` (`record_id`)
) ENGINE=InnoDB DEFAULT CHARSET=utf8;

-- ----------------------------
-- Records of record_comment_info
-- ----------------------------
INSERT INTO `record_comment_info` VALUES ('2', '这是记录评论', '2017-03-24 00:00:00', '2017-03-24 00:00:00', '3', '1', '1');

-- ----------------------------
-- Table structure for `record_info`
-- ----------------------------
DROP TABLE IF EXISTS `record_info`;
CREATE TABLE `record_info` (
  `record_id` bigint(20) NOT NULL,
  `title` varchar(64) default NULL,
  `content` longtext NOT NULL,
  `gmt_create` timestamp NULL default NULL,
  `gmt_modify` timestamp NULL default NULL,
  `user_id` bigint(20) NOT NULL,
  PRIMARY KEY  (`record_id`)
) ENGINE=InnoDB DEFAULT CHARSET=utf8;

-- ----------------------------
-- Records of record_info
-- ----------------------------
INSERT INTO `record_info` VALUES ('1', '记录标题', '记录内容', null, null, '3');
INSERT INTO `record_info` VALUES ('2', 'hahahhahah', '\n                            <p></p>\n                        <p>hahahahahhahahhahahhaha</p>', null, null, '1');
INSERT INTO `record_info` VALUES ('3', '美好的一天', '\n                            \n                        <p>&nbsp; &nbsp; &nbsp; &nbsp; &nbsp; &nbsp; &nbsp; &nbsp; &nbsp; &nbsp; &nbsp; &nbsp; &nbsp; &nbsp; &lt;p&gt;&lt;font&nbsp;color=\"#ff0000\"&gt;核心提示&lt;/font&gt;：运动是最好的保健方法，老人体质本来就弱，要想增强体质，就必须得运动。但是运动过度老人也会吃不消，老人运动一定要记住以下几点。&lt;/p&gt;&lt;p&gt;&nbsp;&lt;/p&gt;&lt;p&gt;运动也有强度之分，强度大的，达到的效果自然好，强度小的，见效也没有那么快。从&lt;a&nbsp;href=\"http://jbk.39.net/yxmc/zhongyishuyu/jk\"&nbsp;target=\"_blank\"&gt;健康&lt;/a&gt;方面着想，老人运动不宜太过剧烈，以免引发疾病。&lt;/p&gt;&lt;p&gt;　　1.&nbsp;老人运动前一定要给身体做个全面的检查。近年来，也有不少老人因运动过度而引发疾病。所以老人如果有心脑血管疾病，应该咨询医生哪些&lt;a&nbsp;href=\"http://jbk.39.net/syz1/\"&nbsp;target=\"_blank\"&gt;运动不能&lt;/a&gt;做的，平时运动时就避免此运动。&lt;/p&gt;&lt;p&nbsp;style=\"text-align:&nbsp;center;&nbsp;\"&gt;&lt;img&nbsp;style=\"max-width:&nbsp;100%;&nbsp;width:&nbsp;609.3px;&nbsp;height:&nbsp;386.1px;\"&nbsp;src=\"http://i.imgur.com/dfo19u0.jpg\"&nbsp;class=\"\"&gt;&lt;br&gt;&lt;/p&gt;&lt;p&gt;&lt;v:shapetype&nbsp;id=\"_x0000_t75\"&nbsp;coordsize=\"21600,21600\"&nbsp;o:spt=\"75\"&nbsp;o:preferrelative=\"t\"&nbsp;path=\"m@4@5l@4@11@9@11@9@5xe\"&nbsp;filled=\"f\"&nbsp;stroked=\"f\"&gt;</p><p>&nbsp;</p><p>&nbsp;</p><p>&nbsp;&nbsp;</p><p>&nbsp;&nbsp;</p><p>&nbsp;&nbsp;</p><p>&nbsp;&nbsp;</p><p>&nbsp;&nbsp;</p><p>&nbsp;&nbsp;</p><p>&nbsp;&nbsp;</p><p>&nbsp;&nbsp;</p><p>&nbsp;&nbsp;</p><p>&nbsp;&nbsp;</p><p>&nbsp;&nbsp;</p><p>&nbsp;&nbsp;</p><p>&nbsp;</p><p>&nbsp;</p><p>&nbsp;</p><p>&lt;v:shape&nbsp;id=\"_x0000_i1025\"&nbsp;type=\"#_x0000_t75\"&nbsp;alt=\"\"&nbsp;style=\"width:390pt;</p><p>&nbsp;height:247.5pt\"&gt;</p><p>&nbsp;&lt;v:imagedata&nbsp;src=\"file:///C:\\Users\\ADMINI~1\\AppData\\Local\\Temp\\msohtmlclip1\\01\\clip_image001.jpg\"&nbsp;o:href=\"https://timgsa.baidu.com/timg?image&amp;quality=80&amp;size=b9999_10000&amp;sec=1490367553410&amp;di=1b8238df08af6a1a06f8ca6860564bd4&amp;imgtype=0&amp;src=http%3A%2F%2Fsimg.dahe.cn%2F2016%2F6%2F1%2F962ce1b10551d2f2.jpg\"&gt;</p><p>&lt;/v:imagedata&gt;&lt;/v:shape&gt;&lt;/v:shapetype&gt;&lt;/p&gt;&lt;p&gt;　　2.&nbsp;运动是一项耗体力的事，所以老人一定要保证充足的睡眠，才能把动作做到最好，达到好的效果。&lt;/p&gt;&lt;p&gt;　　3.&nbsp;运动时间一定要注意，很多老人喜欢晨起做运动，其实最好的运动时间是8点到9点，而且不宜空腹，最好早晨起来，吃&lt;a&nbsp;href=\"http://spk.39.net/shipin/liangshi/lsjgp/e0bed.html\"&nbsp;target=\"_blank\"&gt;过早&lt;/a&gt;餐后歇一会再去。如果有太阳，最好等太阳升起再锻炼。经过一夜的时间，污染物在空气中的堆积比较多，呼吸了这些污浊的空气对人体会产生有害的影响。太阳出来之后，这些污染物在空气中进行一定的稀释分解，空气质量就会相对好一些，在这样的情况下进行晨练活动，就比较适合人体的新陈代谢。&lt;/p&gt;&lt;p&gt;　　4.&nbsp;避免过于剧烈的运动。老年人的肌肉在慢慢萎缩，肌肉的力量也有所减退，神经系统反应较慢，所以最好选择一些缓慢、放松的运动，能使全身得到运动，如太极拳、慢跑等。&lt;/p&gt;&lt;p&gt;　　5.&nbsp;活动量过大或增加过快往往是老年人发生意外损伤的原因之一。因此老人锻炼时要循序渐进，对一定的运动负荷适应后再慢慢增加活动量，切忌操之过急而使活动量过大。&lt;span&nbsp;style=\"color:&nbsp;inherit;&nbsp;font-family:&nbsp;inherit;&nbsp;font-size:&nbsp;36px;\"&gt;&nbsp;&lt;/span&gt;&lt;/p&gt;</p><p>&nbsp;&nbsp;&nbsp;&nbsp;&nbsp;&nbsp;&nbsp;&nbsp;&nbsp;&nbsp;&nbsp;&nbsp;&nbsp;&nbsp;&nbsp;&nbsp;&nbsp;&nbsp;&nbsp;&nbsp;&nbsp;&nbsp;&nbsp;&nbsp;&lt;p&gt;&lt;br&gt;&lt;/p&gt;</p><p><br></p>', null, null, '1');

-- ----------------------------
-- Table structure for `service_info`
-- ----------------------------
DROP TABLE IF EXISTS `service_info`;
CREATE TABLE `service_info` (
  `service_id` bigint(20) NOT NULL,
  `service_name` varchar(64) NOT NULL,
  `service_detail` longtext NOT NULL,
  `amount` int(11) default NULL,
  `address` varchar(64) default NULL,
  `telphone` varchar(15) default NULL,
  `nature` varchar(20) default NULL,
  `gmt_create` timestamp NULL default NULL,
  `gmt_modify` timestamp NULL default NULL,
  `user_id` bigint(20) NOT NULL,
  PRIMARY KEY  (`service_id`)
) ENGINE=InnoDB DEFAULT CHARSET=utf8;

-- ----------------------------
-- Records of service_info
-- ----------------------------
INSERT INTO `service_info` VALUES ('1', '陪聊天陪吃饭', '一起聊彼此感兴趣的话题', '10', '东北林业大学', '13351014735', 'producer', '2017-03-20 00:00:00', '2017-03-20 00:00:00', '1');
INSERT INTO `service_info` VALUES ('2', '提供场地', '为有才艺老人提供场地，教授有兴趣的学员', '0', '我也不知道哪条街', '13351014735', 'producer', '2017-03-23 00:00:00', '2017-03-23 00:00:00', '1');
INSERT INTO `service_info` VALUES ('3', '提供才艺展示', '跳美美的广场舞啦', '20', '东林的篮球场', '133444444444', 'producer', '2017-03-23 00:00:00', '2017-03-23 00:00:00', '1');
INSERT INTO `service_info` VALUES ('4', '找个伴唠个磕', '找个伴聊天', '0', '小区门口', '14444444444', 'demander', '2017-03-23 00:00:00', '2017-03-23 00:00:00', '1');
INSERT INTO `service_info` VALUES ('5', '提供场地', '提供场地供老人使用，但老人要将自己挣钱10%上缴', '0', '香坊区', '144444444', 'producer', '2017-03-25 00:00:00', '2017-03-25 00:00:00', '1');
INSERT INTO `service_info` VALUES ('6', '提供场地', '某某企业提供场地供有才艺的老人开设培训班，所获利润分成。有意向的老人请向我们的官方公众号发送报名信息。', '0', '哈尔滨市香坊区林业大学家属区', null, 'producer', '2017-03-27 11:41:47', '2017-03-27 11:41:47', '1');

-- ----------------------------
-- Table structure for `talk_info`
-- ----------------------------
DROP TABLE IF EXISTS `talk_info`;
CREATE TABLE `talk_info` (
  `talk_id` bigint(20) NOT NULL,
  `talk_name` varchar(64) NOT NULL,
  `talk_detail` longtext NOT NULL,
  `gmt_create` timestamp NULL default NULL,
  `gmt_modify` timestamp NULL default NULL,
  PRIMARY KEY  (`talk_id`)
) ENGINE=InnoDB DEFAULT CHARSET=utf8;

-- ----------------------------
-- Records of talk_info
-- ----------------------------
INSERT INTO `talk_info` VALUES ('1', '我遇到了网络侵权', '生活在社地方撒会中，【契约精神】...', null, null);
INSERT INTO `talk_info` VALUES ('2', '老年人如何提高幸福指数', '老年人如何能够享福呢', null, null);
INSERT INTO `talk_info` VALUES ('3', '老年人的幸福指数', '不同的人对幸福感的理解可能不太一样，比如客居他乡的老人，认为告老还乡便是一种幸福；而对于留守的老人来讲，有子女承欢膝下便是幸福。现在我们就来谈谈大家心目中的幸福感是什么样的。', '2017-03-27 11:31:26', '2017-03-27 11:31:26');

-- ----------------------------
-- Table structure for `user_info`
-- ----------------------------
DROP TABLE IF EXISTS `user_info`;
CREATE TABLE `user_info` (
  `user_id` varchar(255) NOT NULL,
  `nickname` varchar(255) default NULL,
  `realname` varchar(255) default NULL,
  `password` varchar(255) default NULL,
  `email` varchar(255) default NULL,
  `age` int(11) default '60',
  `sex` varchar(255) default NULL,
  `role` varchar(255) default NULL,
  `telphone` varchar(255) default NULL,
  `activate_code` varchar(255) default NULL,
  `state` int(11) default '0',
  `gmt_create` timestamp NULL default NULL,
  `gmt_modify` timestamp NULL default NULL,
  `account_name` varchar(255) NOT NULL,
  `id_card_number` varchar(18) default NULL,
  `head_pic_url` varchar(255) default NULL,
  `biz_licence_pic_url` varchar(255) default NULL,
  `pos_community_name` varchar(255) default NULL,
  `like_community_name` varchar(255) default NULL,
  PRIMARY KEY  (`user_id`),
  UNIQUE KEY `account_name` (`account_name`)
) ENGINE=InnoDB DEFAULT CHARSET=utf8;

-- ----------------------------
-- Records of user_info
-- ----------------------------
INSERT INTO `user_info` VALUES ('1', '永伦', '刘勇', '123', '123@163.com', '23', 'MALE', 'YOUNG', '13351014735', null, '0', null, null, 'yonglun.ly', null, 'cca028bb-ce87-4da8-981e-574cddbd1f9c_author.jpg', null, null, null);
INSERT INTO `user_info` VALUES ('2', '老爷爷', '刘勇', '333', '123@163.com', '66', 'MALE', 'OLD', '13351014735', null, '0', null, null, 'oldman', null, null, null, null, null);
INSERT INTO `user_info` VALUES ('3', null, null, '123', '123@1.com', '0', null, 'YOUNG', '111', null, '0', null, null, 'zhanghuixian', null, null, null, null, null);
INSERT INTO `user_info` VALUES ('4', '刘行', '刘行', '333', '123@163.com', '23', 'MALE', 'YOUNG', '13351014735', null, '0', null, null, 'liuhang', null, null, null, null, null);
INSERT INTO `user_info` VALUES ('5', '我是个爱笑的老爷爷', '花永伦', '123', null, '0', null, 'OLD', '13351014735', null, '0', null, null, 'SmileMan', '142227199393930099', null, null, '黑龙江省_哈尔滨市_香坊区_和兴路_东林苑', 'acqirement_psychology_');
INSERT INTO `user_info` VALUES ('6', '爱笑的老爷爷', '李爱笑', '123', null, '50', null, 'OLD', '13351000000', null, '0', null, null, '我是爱笑的老爷爷', '1122223423232232', 'author.jpg', null, '黑龙江省_哈尔滨市_香坊区_和兴路_东林苑', 'acqirement_dream_');
INSERT INTO `user_info` VALUES ('7', '阿里', '马云', '123', '123@alibaba-inc.com', '0', null, 'COMPANY', '1444444444', null, '0', null, null, '阿里巴巴集团', '134444444', null, 'cca028bb-ce87-4da8-981e-574cddbd1f9c_author.jpg', null, null);
